chord_symbol,voice_index,note_name,midi
A,0,A3,57
A,1,C#4,61
A,2,E4,64
A#,0,A#3,58
A#,1,D4,62
A#,2,F4,65
A#/D,0,D3,50
A#/D,1,F3,53
A#/D,2,A#3,58
A#/F,0,F3,53
A#/F,1,A#3,58
A#/F,2,D4,62
A#11,0,A#3,58
A#11,1,D4,62
A#11,2,F4,65
A#11,3,G#4,68
A#11,4,C5,72
A#11,5,D#5,75
A#13,0,A#3,58
A#13,1,D4,62
A#13,2,F4,65
A#13,3,G#4,68
A#13,4,C5,72
A#13,5,D#5,75
A#13,6,F#5,78
A#13#11,0,A#3,58
A#13#11,1,D4,62
A#13#11,2,F4,65
A#13#11,3,G#4,68
A#13#11,4,C5,72
A#13#11,5,E5,76
A#13#11,6,F#5,78
A#13#9,0,A#3,58
A#13#9,1,D4,62
A#13#9,2,F4,65
A#13#9,3,G#4,68
A#13#9,4,C#5,73
A#13#9,5,D#5,75
A#13#9,6,F#5,78
A#13b9,0,A#3,58
A#13b9,1,D4,62
A#13b9,2,F4,65
A#13b9,3,G#4,68
A#13b9,4,B4,71
A#13b9,5,D#5,75
A#13b9,6,F#5,78
A#13sus4,0,A#3,58
A#13sus4,1,E4,64
A#13sus4,2,F4,65
A#13sus4,3,G#4,68
A#13sus4,4,C5,72
A#13sus4,5,D#5,75
A#13sus4,6,F#5,78
A#6,0,A#3,58
A#6,1,D4,62
A#6,2,F4,65
A#6,3,G4,67
A#7,0,A#3,58
A#7,1,D4,62
A#7,2,F4,65
A#7,3,G#4,68
A#7#5#9,0,A#3,58
A#7#5#9,1,D4,62
A#7#5#9,2,F#4,66
A#7#5#9,3,G#4,68
A#7#5#9,4,C#5,73
A#7alt,0,A#3,58
A#7alt,1,D4,62
A#7alt,2,E4,64
A#7alt,3,G#4,68
A#7alt,4,Bb4,70
A#7alt,5,Db5,73
A#7sus2,0,A#3,58
A#7sus2,1,C5,72
A#7sus2,2,F4,65
A#7sus2,3,G#4,68
A#7sus4,0,A#3,58
A#7sus4,1,E4,64
A#7sus4,2,F4,65
A#7sus4,3,G#4,68
A#9,0,A#3,58
A#9,1,D4,62
A#9,2,F4,65
A#9,3,G#4,68
A#9,4,C5,72
A#9#5,0,A#3,58
A#9#5,1,D4,62
A#9#5,2,F#4,66
A#9#5,3,G#4,68
A#9#5,4,C5,72
A#9b5,0,A#3,58
A#9b5,1,D4,62
A#9b5,2,E4,64
A#9b5,3,G#4,68
A#9b5,4,C5,72
A#Maj7,0,A#3,58
A#Maj7,1,D4,62
A#Maj7,2,F4,65
A#Maj7,3,A4,69
A#aug,0,A#3,58
A#aug,1,D4,62
A#aug,2,F#4,66
A#aug7,0,A#3,58
A#aug7,1,D4,62
A#aug7,2,F#4,66
A#aug7,3,G#4,68
A#dim,0,A#3,58
A#dim,1,C#4,61
A#dim,2,E4,64
A#dim7,0,A#3,58
A#dim7,1,C#4,61
A#dim7,2,E4,64
A#dim7,3,G4,67
A#m,0,A#3,58
A#m,1,C#4,61
A#m,2,F4,65
A#m11,0,A#3,58
A#m11,1,C#4,61
A#m11,2,F4,65
A#m11,3,G#4,68
A#m11,4,C5,72
A#m11,5,D#5,75
A#m13,0,A#3,58
A#m13,1,C#4,61
A#m13,2,F4,65
A#m13,3,G#4,68
A#m13,4,C5,72
A#m13,5,D#5,75
A#m13,6,F#5,78
A#m6,0,A#3,58
A#m6,1,C#4,61
A#m6,2,F4,65
A#m6,3,G4,67
A#m7,0,A#3,58
A#m7,1,C#4,61
A#m7,2,F4,65
A#m7,3,G#4,68
A#m7b5,0,A#3,58
A#m7b5,1,C#4,61
A#m7b5,2,E4,64
A#m7b5,3,G#4,68
A#m9,0,A#3,58
A#m9,1,C#4,61
A#m9,2,F4,65
A#m9,3,G#4,68
A#m9,4,C5,72
A#mMaj7,0,A#3,58
A#mMaj7,1,C#4,61
A#mMaj7,2,F4,65
A#mMaj7,3,A4,69
A#maj11,0,A#3,58
A#maj11,1,D4,62
A#maj11,2,F4,65
A#maj11,3,A4,69
A#maj11,4,C5,72
A#maj11,5,D#5,75
A#maj13,0,A#3,58
A#maj13,1,D4,62
A#maj13,2,F4,65
A#maj13,3,A4,69
A#maj13,4,C5,72
A#maj13,5,D#5,75
A#maj13,6,F#5,78
A#maj13#11,0,A#3,58
A#maj13#11,1,D4,62
A#maj13#11,2,F4,65
A#maj13#11,3,A4,69
A#maj13#11,4,C5,72
A#maj13#11,5,D#5,75
A#maj13#11,6,F#5,78
A#maj7#11,0,A#3,58
A#maj7#11,1,D4,62
A#maj7#11,2,F4,65
A#maj7#11,3,A4,69
A#maj7#11,4,E5,76
A#maj9,0,A#3,58
A#maj9,1,D4,62
A#maj9,2,F4,65
A#maj9,3,A4,69
A#maj9,4,C5,72
A#maj9#11,0,A#3,58
A#maj9#11,1,D4,62
A#maj9#11,2,F4,65
A#maj9#11,3,A4,69
A#maj9#11,4,C5,72
A#maj9#11,5,E5,76
A#sus2,0,A#3,58
A#sus2,1,C5,72
A#sus2,2,F4,65
A#sus4,0,A#3,58
A#sus4,1,E4,64
A#sus4,2,F4,65
A/C#,0,C#3,49
A/C#,1,E3,52
A/C#,2,A4,69
A/E,0,E3,52
A/E,1,A3,57
A/E,2,C#4,61
A11,0,A3,57
A11,1,C#4,61
A11,2,E4,64
A11,3,G4,67
A11,4,B4,71
A11,5,D4,62
A13,0,A3,57
A13,1,C#4,61
A13,2,E4,64
A13,3,G4,67
A13,4,B4,71
A13,5,D4,62
A13,6,F#4,66
A13#11,0,A3,57
A13#11,1,C#4,61
A13#11,2,E4,64
A13#11,3,G4,67
A13#11,4,B4,71
A13#11,5,D#4,63
A13#11,6,F#4,66
A13#9,0,A3,57
A13#9,1,C#4,61
A13#9,2,E4,64
A13#9,3,G4,67
A13#9,4,C#4,61
A13#9,5,D4,62
A13#9,6,F#4,66
A13b9,0,A3,57
A13b9,1,C#4,61
A13b9,2,E4,64
A13b9,3,G4,67
A13b9,4,C4,60
A13b9,5,D4,62
A13b9,6,F#4,66
A13sus4,0,A3,57
A13sus4,1,D4,62
A13sus4,2,E4,64
A13sus4,3,G4,67
A13sus4,4,B4,71
A13sus4,5,D4,62
A13sus4,6,F#4,66
A6,0,A3,57
A6,1,C#4,61
A6,2,E4,64
A6,3,F#4,66
A7,0,A3,57
A7,1,C#4,61
A7,2,E4,64
A7,3,G4,67
A7#5#9,0,A3,57
A7#5#9,1,C#4,61
A7#5#9,2,F4,65
A7#5#9,3,G4,67
A7#5#9,4,C#4,61
A7alt,0,A3,57
A7alt,1,C#4,61
A7alt,2,Eb4,63
A7alt,3,G4,67
A7alt,4,Bb4,70
A7alt,5,Db4,61
A7sus2,0,A3,57
A7sus2,1,B3,59
A7sus2,2,E4,64
A7sus2,3,G4,67
A7sus4,0,A3,57
A7sus4,1,D4,62
A7sus4,2,E4,64
A7sus4,3,G4,67
A9,0,A3,57
A9,1,C#4,61
A9,2,E4,64
A9,3,G4,67
A9,4,B4,71
A9#5,0,A3,57
A9#5,1,C#4,61
A9#5,2,F4,65
A9#5,3,G4,67
A9#5,4,B4,71
A9b5,0,A3,57
A9b5,1,C#4,61
A9b5,2,Eb4,63
A9b5,3,G4,67
A9b5,4,B4,71
Aaug,0,A3,57
Aaug,1,C#4,61
Aaug,2,F4,65
Aaug7,0,A3,57
Aaug7,1,C#4,61
Aaug7,2,F4,65
Aaug7,3,G4,67
Ab,0,Ab3,56
Ab,1,C4,60
Ab,2,Eb4,63
Ab/C,0,C3,48
Ab/C,1,Eb3,51
Ab/C,2,Ab3,56
Ab/Eb,0,Eb3,51
Ab/Eb,1,Ab3,56
Ab/Eb,2,C4,60
Ab11,0,Ab3,56
Ab11,1,C4,60
Ab11,2,Eb4,63
Ab11,3,Gb4,66
Ab11,4,Bb4,70
Ab11,5,Db5,73
Ab13,0,Ab3,56
Ab13,1,C4,60
Ab13,2,Eb4,63
Ab13,3,Gb4,66
Ab13,4,Bb4,70
Ab13,5,Db5,73
Ab13,6,F5,77
Ab13#11,0,Ab3,56
Ab13#11,1,C4,60
Ab13#11,2,Eb4,63
Ab13#11,3,Gb4,66
Ab13#11,4,Bb4,70
Ab13#11,5,D5,74
Ab13#11,6,F5,77
Ab13#9,0,Ab3,56
Ab13#9,1,C4,60
Ab13#9,2,Eb4,63
Ab13#9,3,Gb4,66
Ab13#9,4,B4,71
Ab13#9,5,Db5,73
Ab13#9,6,F5,77
Ab13b9,0,Ab3,56
Ab13b9,1,C4,60
Ab13b9,2,Eb4,63
Ab13b9,3,Gb4,66
Ab13b9,4,A4,69
Ab13b9,5,Db5,73
Ab13b9,6,F5,77
Ab13sus4,0,Ab3,56
Ab13sus4,1,Db4,61
Ab13sus4,2,Eb4,63
Ab13sus4,3,Gb4,66
Ab13sus4,4,Bb4,70
Ab13sus4,5,Db5,73
Ab13sus4,6,F5,77
Ab6,0,Ab3,56
Ab6,1,C4,60
Ab6,2,Eb4,63
Ab6,3,F4,65
Ab7,0,Ab3,56
Ab7,1,C4,60
Ab7,2,Eb4,63
Ab7,3,Gb4,66
Ab7#5#9,0,Ab3,56
Ab7#5#9,1,C4,60
Ab7#5#9,2,E4,64
Ab7#5#9,3,Gb4,66
Ab7#5#9,4,B4,71
Ab7alt,0,Ab3,56
Ab7alt,1,C4,60
Ab7alt,2,D4,62
Ab7alt,3,Gb4,66
Ab7alt,4,A4,69
Ab7alt,5,Bb4,70
Ab7sus2,0,Ab3,56
Ab7sus2,1,Bb3,58
Ab7sus2,2,Eb4,63
Ab7sus2,3,Gb4,66
Ab7sus4,0,Ab3,56
Ab7sus4,1,Db4,61
Ab7sus4,2,Eb4,63
Ab7sus4,3,Gb4,66
Ab9,0,Ab3,56
Ab9,1,C4,60
Ab9,2,Eb4,63
Ab9,3,Gb4,66
Ab9,4,Bb4,70
Ab9#5,0,Ab3,56
Ab9#5,1,C4,60
Ab9#5,2,E4,64
Ab9#5,3,Gb4,66
Ab9#5,4,Bb4,70
Ab9b5,0,Ab3,56
Ab9b5,1,C4,60
Ab9b5,2,D4,62
Ab9b5,3,Gb4,66
Ab9b5,4,Bb4,70
AbMaj7,0,Ab3,56
AbMaj7,1,C4,60
AbMaj7,2,Eb4,63
AbMaj7,3,G4,67
Abaug,0,Ab3,56
Abaug,1,C4,60
Abaug,2,E4,64
Abaug7,0,Ab3,56
Abaug7,1,C4,60
Abaug7,2,E4,64
Abaug7,3,Gb4,66
Abdim,0,Ab3,56
Abdim,1,B3,59
Abdim,2,D4,62
Abdim7,0,Ab3,56
Abdim7,1,B3,59
Abdim7,2,D4,62
Abdim7,3,Fb4,64
Abm,0,Ab3,56
Abm,1,B3,59
Abm,2,Eb4,63
Abm11,0,Ab3,56
Abm11,1,B3,59
Abm11,2,Eb4,63
Abm11,3,Gb4,66
Abm11,4,Bb4,70
Abm11,5,Db5,73
Abm13,0,Ab3,56
Abm13,1,B3,59
Abm13,2,Eb4,63
Abm13,3,Gb4,66
Abm13,4,Bb4,70
Abm13,5,Db5,73
Abm13,6,F5,77
Abm6,0,Ab3,56
Abm6,1,B3,59
Abm6,2,Eb4,63
Abm6,3,F4,65
Abm7,0,Ab3,56
Abm7,1,B3,59
Abm7,2,Eb4,63
Abm7,3,Gb4,66
Abm7b5,0,Ab3,56
Abm7b5,1,B3,59
Abm7b5,2,D4,62
Abm7b5,3,Gb4,66
Abm9,0,Ab3,56
Abm9,1,B3,59
Abm9,2,Eb4,63
Abm9,3,Gb4,66
Abm9,4,Bb4,70
AbmMaj7,0,Ab3,56
AbmMaj7,1,B3,59
AbmMaj7,2,Eb4,63
AbmMaj7,3,G4,67
Abmaj11,0,Ab3,56
Abmaj11,1,C4,60
Abmaj11,2,Eb4,63
Abmaj11,3,G4,67
Abmaj11,4,Bb4,70
Abmaj11,5,Db5,73
Abmaj13,0,Ab3,56
Abmaj13,1,C4,60
Abmaj13,2,Eb4,63
Abmaj13,3,G4,67
Abmaj13,4,Bb4,70
Abmaj13,5,Db5,73
Abmaj13,6,F5,77
Abmaj13#11,0,Ab3,56
Abmaj13#11,1,C4,60
Abmaj13#11,2,Eb4,63
Abmaj13#11,3,G4,67
Abmaj13#11,4,Bb4,70
Abmaj13#11,5,Db5,73
Abmaj13#11,6,F5,77
Abmaj7#11,0,Ab3,56
Abmaj7#11,1,C4,60
Abmaj7#11,2,Eb4,63
Abmaj7#11,3,G4,67
Abmaj7#11,4,D5,74
Abmaj9,0,Ab3,56
Abmaj9,1,C4,60
Abmaj9,2,Eb4,63
Abmaj9,3,G4,67
Abmaj9,4,Bb4,70
Abmaj9#11,0,Ab3,56
Abmaj9#11,1,C4,60
Abmaj9#11,2,Eb4,63
Abmaj9#11,3,G4,67
Abmaj9#11,4,Bb4,70
Abmaj9#11,5,D5,74
Absus2,0,Ab3,56
Absus2,1,Bb3,58
Absus2,2,Eb4,63
Absus4,0,Ab3,56
Absus4,1,Db4,61
Absus4,2,Eb4,63
Adim,0,A3,57
Adim,1,C4,60
Adim,2,Eb4,63
Adim7,0,A3,57
Adim7,1,C4,60
Adim7,2,Eb4,63
Adim7,3,Gb4,66
Am,0,A3,57
Am,1,C4,60
Am,2,E4,64
Am11,0,A3,57
Am11,1,C4,60
Am11,2,E4,64
Am11,3,G4,67
Am11,4,B4,71
Am11,5,D4,62
Am13,0,A3,57
Am13,1,C4,60
Am13,2,E4,64
Am13,3,G4,67
Am13,4,B4,71
Am13,5,D4,62
Am13,6,F#4,66
Am6,0,A3,57
Am6,1,C4,60
Am6,2,E4,64
Am6,3,F#4,66
Am7,0,A3,57
Am7,1,C4,60
Am7,2,E4,64
Am7,3,G4,67
Am7b5,0,A3,57
Am7b5,1,C4,60
Am7b5,2,Eb4,63
Am7b5,3,G4,67
Am9,0,A3,57
Am9,1,C4,60
Am9,2,E4,64
Am9,3,G4,67
Am9,4,B4,71
AmMaj7,0,A3,57
AmMaj7,1,C4,60
AmMaj7,2,E4,64
AmMaj7,3,G#4,68
Amaj11,0,A3,57
Amaj11,1,C#4,61
Amaj11,2,E4,64
Amaj11,3,G#4,68
Amaj11,4,B4,71
Amaj11,5,D4,62
Amaj13,0,A3,57
Amaj13,1,C#4,61
Amaj13,2,E4,64
Amaj13,3,G#4,68
Amaj13,4,B4,71
Amaj13,5,D4,62
Amaj13,6,F#4,66
Amaj13#11,0,A3,57
Amaj13#11,1,C#4,61
Amaj13#11,2,E4,64
Amaj13#11,3,G#4,68
Amaj13#11,4,B4,71
Amaj13#11,5,D#5,75
Amaj13#11,6,F#5,78
Amaj7,0,A3,57
Amaj7,1,C#4,61
Amaj7,2,E4,64
Amaj7,3,G#4,68
Amaj7#11,0,A3,57
Amaj7#11,1,C#4,61
Amaj7#11,2,E4,64
Amaj7#11,3,G#4,68
Amaj7#11,4,D#5,75
Amaj9,0,A3,57
Amaj9,1,C#4,61
Amaj9,2,E4,64
Amaj9,3,G#4,68
Amaj9,4,B4,71
Amaj9#11,0,A3,57
Amaj9#11,1,C#4,61
Amaj9#11,2,E4,64
Amaj9#11,3,G#4,68
Amaj9#11,4,B4,71
Amaj9#11,5,D#5,75
Asus2,0,A3,57
Asus2,1,B3,59
Asus2,2,E4,64
Asus4,0,A3,57
Asus4,1,D4,62
Asus4,2,E4,64
B,0,B3,59
B,1,D#4,63
B,2,F#4,66
B/D#,0,D#3,51
B/D#,1,F#3,54
B/D#,2,B4,71
B/F#,0,F#3,54
B/F#,1,B3,59
B/F#,2,D#4,63
B11,0,B3,59
B11,1,D#4,63
B11,2,F#4,66
B11,3,A4,69
B11,4,C#5,73
B11,5,E5,76
B13,0,B3,59
B13,1,D#4,63
B13,2,F#4,66
B13,3,A4,69
B13,4,C#5,73
B13,5,E5,76
B13,6,G#5,80
B13#11,0,B3,59
B13#11,1,D#4,63
B13#11,2,F#4,66
B13#11,3,A4,69
B13#11,4,C#5,73
B13#11,5,F5,77
B13#11,6,G#5,80
B13#9,0,B3,59
B13#9,1,D#4,63
B13#9,2,F#4,66
B13#9,3,A4,69
B13#9,4,D5,74
B13#9,5,E5,76
B13#9,6,G#5,80
B13b9,0,B3,59
B13b9,1,D#4,63
B13b9,2,F#4,66
B13b9,3,A4,69
B13b9,4,Db5,73
B13b9,5,E5,76
B13b9,6,G#5,80
B13sus4,0,B3,59
B13sus4,1,E4,64
B13sus4,2,F#4,66
B13sus4,3,A4,69
B13sus4,4,C#5,73
B13sus4,5,E5,76
B13sus4,6,G#5,80
B6,0,B3,59
B6,1,D#4,63
B6,2,F#4,66
B6,3,G#4,68
B7,0,B3,59
B7,1,D#4,63
B7,2,F#4,66
B7,3,A4,69
B7#5#9,0,B3,59
B7#5#9,1,D#4,63
B7#5#9,2,G4,67
B7#5#9,3,A4,69
B7#5#9,4,D5,74
B7alt,0,B3,59
B7alt,1,D#4,63
B7alt,2,F4,65
B7alt,3,A4,69
B7alt,4,C5,72
B7alt,5,Db5,73
B7sus2,0,B3,59
B7sus2,1,C#4,61
B7sus2,2,F#4,66
B7sus2,3,A4,69
B7sus4,0,B3,59
B7sus4,1,E4,64
B7sus4,2,F#4,66
B7sus4,3,A4,69
B9,0,B3,59
B9,1,D#4,63
B9,2,F#4,66
B9,3,A4,69
B9,4,C#5,73
B9#5,0,B3,59
B9#5,1,D#4,63
B9#5,2,G4,67
B9#5,3,A4,69
B9#5,4,C#5,73
B9b5,0,B3,59
B9b5,1,D#4,63
B9b5,2,F4,65
B9b5,3,A4,69
B9b5,4,C#5,73
BMaj7,0,B3,59
BMaj7,1,D#4,63
BMaj7,2,F#4,66
BMaj7,3,A#4,70
Baug,0,B3,59
Baug,1,D#4,63
Baug,2,G4,67
Baug7,0,B3,59
Baug7,1,D#4,63
Baug7,2,G4,67
Baug7,3,A4,69
Bb,0,Bb3,58
Bb,1,D4,62
Bb,2,F4,65
Bb/D,0,D3,50
Bb/D,1,F3,53
Bb/D,2,Bb3,58
Bb/F,0,F3,53
Bb/F,1,Bb3,58
Bb/F,2,D4,62
Bb11,0,Bb3,58
Bb11,1,D4,62
Bb11,2,F4,65
Bb11,3,Ab4,68
Bb11,4,C5,72
Bb11,5,Eb5,75
Bb13,0,Bb3,58
Bb13,1,D4,62
Bb13,2,F4,65
Bb13,3,Ab4,68
Bb13,4,C5,72
Bb13,5,Eb5,75
Bb13,6,G5,79
Bb13#11,0,Bb3,58
Bb13#11,1,D4,62
Bb13#11,2,F4,65
Bb13#11,3,Ab4,68
Bb13#11,4,C5,72
Bb13#11,5,E5,76
Bb13#11,6,G5,79
Bb13#9,0,Bb3,58
Bb13#9,1,D4,62
Bb13#9,2,F4,65
Bb13#9,3,Ab4,68
Bb13#9,4,D5,74
Bb13#9,5,Eb5,75
Bb13#9,6,G5,79
Bb13b9,0,Bb3,58
Bb13b9,1,D4,62
Bb13b9,2,F4,65
Bb13b9,3,Ab4,68
Bb13b9,4,Db5,73
Bb13b9,5,Eb5,75
Bb13b9,6,G5,79
Bb13sus4,0,Bb3,58
Bb13sus4,1,Eb4,63
Bb13sus4,2,F4,65
Bb13sus4,3,Ab4,68
Bb13sus4,4,C5,72
Bb13sus4,5,Eb5,75
Bb13sus4,6,G5,79
Bb6,0,Bb3,58
Bb6,1,D4,62
Bb6,2,F4,65
Bb6,3,G4,67
Bb7,0,Bb3,58
Bb7,1,D4,62
Bb7,2,F4,65
Bb7,3,Ab4,68
Bb7#5#9,0,Bb3,58
Bb7#5#9,1,D4,62
Bb7#5#9,2,F#4,66
Bb7#5#9,3,Ab4,68
Bb7#5#9,4,D5,74
Bb7alt,0,Bb3,58
Bb7alt,1,D4,62
Bb7alt,2,E4,64
Bb7alt,3,Ab4,68
Bb7alt,4,Bb4,70
Bb7alt,5,Db5,73
Bb7sus2,0,Bb3,58
Bb7sus2,1,C4,60
Bb7sus2,2,F4,65
Bb7sus2,3,Ab4,68
Bb7sus4,0,Bb3,58
Bb7sus4,1,Eb4,63
Bb7sus4,2,F4,65
Bb7sus4,3,Ab4,68
Bb9,0,Bb3,58
Bb9,1,D4,62
Bb9,2,F4,65
Bb9,3,Ab4,68
Bb9,4,C5,72
Bb9#5,0,Bb3,58
Bb9#5,1,D4,62
Bb9#5,2,F#4,66
Bb9#5,3,Ab4,68
Bb9#5,4,C5,72
Bb9b5,0,Bb3,58
Bb9b5,1,D4,62
Bb9b5,2,E4,64
Bb9b5,3,Ab4,68
Bb9b5,4,C5,72
BbMaj7,0,Bb3,58
BbMaj7,1,D4,62
BbMaj7,2,F4,65
BbMaj7,3,A4,69
Bbaug,0,Bb3,58
Bbaug,1,D4,62
Bbaug,2,F#4,66
Bbaug7,0,Bb3,58
Bbaug7,1,D4,62
Bbaug7,2,F#4,66
Bbaug7,3,Ab4,68
Bbdim,0,Bb3,58
Bbdim,1,Db4,61
Bbdim,2,E4,64
Bbdim7,0,Bb3,58
Bbdim7,1,Db4,61
Bbdim7,2,E4,64
Bbdim7,3,Gb4,66
Bbm,0,Bb3,58
Bbm,1,Db4,61
Bbm,2,F4,65
Bbm11,0,Bb3,58
Bbm11,1,Db4,61
Bbm11,2,F4,65
Bbm11,3,Ab4,68
Bbm11,4,C5,72
Bbm11,5,Eb5,75
Bbm13,0,Bb3,58
Bbm13,1,Db4,61
Bbm13,2,F4,65
Bbm13,3,Ab4,68
Bbm13,4,C5,72
Bbm13,5,Eb5,75
Bbm13,6,G5,79
Bbm6,0,Bb3,58
Bbm6,1,Db4,61
Bbm6,2,F4,65
Bbm6,3,G4,67
Bbm7,0,Bb3,58
Bbm7,1,Db4,61
Bbm7,2,F4,65
Bbm7,3,Ab4,68
Bbm7b5,0,Bb3,58
Bbm7b5,1,Db4,61
Bbm7b5,2,E4,64
Bbm7b5,3,Ab4,68
Bbm9,0,Bb3,58
Bbm9,1,Db4,61
Bbm9,2,F4,65
Bbm9,3,Ab4,68
Bbm9,4,C5,72
BbmMaj7,0,Bb3,58
BbmMaj7,1,Db4,61
BbmMaj7,2,F4,65
BbmMaj7,3,A4,69
Bbmaj11,0,Bb3,58
Bbmaj11,1,D4,62
Bbmaj11,2,F4,65
Bbmaj11,3,A4,69
Bbmaj11,4,C5,72
Bbmaj11,5,Eb5,75
Bbmaj13,0,Bb3,58
Bbmaj13,1,D4,62
Bbmaj13,2,F4,65
Bbmaj13,3,A4,69
Bbmaj13,4,C5,72
Bbmaj13,5,Eb5,75
Bbmaj13,6,G5,79
Bbmaj13#11,0,Bb3,58
Bbmaj13#11,1,D4,62
Bbmaj13#11,2,F4,65
Bbmaj13#11,3,A4,69
Bbmaj13#11,4,C5,72
Bbmaj13#11,5,Eb5,75
Bbmaj13#11,6,G5,79
Bbmaj7#11,0,Bb3,58
Bbmaj7#11,1,D4,62
Bbmaj7#11,2,F4,65
Bbmaj7#11,3,A4,69
Bbmaj7#11,4,E5,76
Bbmaj9,0,Bb3,58
Bbmaj9,1,D4,62
Bbmaj9,2,F4,65
Bbmaj9,3,A4,69
Bbmaj9,4,C5,72
Bbmaj9#11,0,Bb3,58
Bbmaj9#11,1,D4,62
Bbmaj9#11,2,F4,65
Bbmaj9#11,3,A4,69
Bbmaj9#11,4,C5,72
Bbmaj9#11,5,E5,76
Bbsus2,0,Bb3,58
Bbsus2,1,C4,60
Bbsus2,2,F4,65
Bbsus4,0,Bb3,58
Bbsus4,1,Eb4,63
Bbsus4,2,F4,65
Bdim,0,B3,59
Bdim,1,D4,62
Bdim,2,F4,65
Bdim7,0,B3,59
Bdim7,1,D4,62
Bdim7,2,F4,65
Bdim7,3,Ab4,68
Bm,0,B3,59
Bm,1,D4,62
Bm,2,F#4,66
Bm11,0,B3,59
Bm11,1,D4,62
Bm11,2,F#4,66
Bm11,3,A4,69
Bm11,4,C#5,73
Bm11,5,E5,76
Bm13,0,B3,59
Bm13,1,D4,62
Bm13,2,F#4,66
Bm13,3,A4,69
Bm13,4,C#5,73
Bm13,5,E5,76
Bm13,6,G#5,80
Bm6,0,B3,59
Bm6,1,D4,62
Bm6,2,F#4,66
Bm6,3,G#4,68
Bm7,0,B3,59
Bm7,1,D4,62
Bm7,2,F#4,66
Bm7,3,A4,69
Bm7b5,0,B3,59
Bm7b5,1,D4,62
Bm7b5,2,F4,65
Bm7b5,3,A4,69
Bm9,0,B3,59
Bm9,1,D4,62
Bm9,2,F#4,66
Bm9,3,A4,69
Bm9,4,C#5,73
BmMaj7,0,B3,59
BmMaj7,1,D4,62
BmMaj7,2,F#4,66
BmMaj7,3,A#4,70
Bmaj11,0,B3,59
Bmaj11,1,D#4,63
Bmaj11,2,F#4,66
Bmaj11,3,A#4,70
Bmaj11,4,C#5,73
Bmaj11,5,E5,76
Bmaj13,0,B3,59
Bmaj13,1,D#4,63
Bmaj13,2,F#4,66
Bmaj13,3,A#4,70
Bmaj13,4,C#5,73
Bmaj13,5,E5,76
Bmaj13,6,G#5,80
Bmaj13#11,0,B3,59
Bmaj13#11,1,D#4,63
Bmaj13#11,2,F#4,66
Bmaj13#11,3,A#4,70
Bmaj13#11,4,C#5,73
Bmaj13#11,5,E5,76
Bmaj13#11,6,G#5,80
Bmaj7#11,0,B3,59
Bmaj7#11,1,D#4,63
Bmaj7#11,2,F#4,66
Bmaj7#11,3,A#4,70
Bmaj7#11,4,E5,76
Bmaj9,0,B3,59
Bmaj9,1,D#4,63
Bmaj9,2,F#4,66
Bmaj9,3,A#4,70
Bmaj9,4,C#5,73
Bmaj9#11,0,B3,59
Bmaj9#11,1,D#4,63
Bmaj9#11,2,F#4,66
Bmaj9#11,3,A#4,70
Bmaj9#11,4,C#5,73
Bmaj9#11,5,E5,76
Bsus2,0,B3,59
Bsus2,1,C#4,61
Bsus2,2,F#4,66
Bsus4,0,B3,59
Bsus4,1,E4,64
Bsus4,2,F#4,66
C,0,C3,48
C,1,E3,52
C,2,G3,55
C#,0,C#3,49
C#,1,F3,53
C#,2,G#3,56
C#/F,0,F3,53
C#/F,1,G#3,56
C#/F,2,C#4,61
C#/G#,0,G#2,44
C#/G#,1,C#3,49
C#/G#,2,F3,53
C#11,0,C#3,49
C#11,1,F3,53
C#11,2,G#3,56
C#11,3,B3,59
C#11,4,D#4,63
C#11,5,F#4,66
C#13,0,C#3,49
C#13,1,F3,53
C#13,2,G#3,56
C#13,3,B3,59
C#13,4,D#4,63
C#13,5,F#4,66
C#13,6,A#4,70
C#13#11,0,C#3,49
C#13#11,1,F3,53
C#13#11,2,G#3,56
C#13#11,3,B3,59
C#13#11,4,D#4,63
C#13#11,5,G4,67
C#13#11,6,A#4,70
C#13#9,0,C#3,49
C#13#9,1,F3,53
C#13#9,2,G#3,56
C#13#9,3,B3,59
C#13#9,4,E4,64
C#13#9,5,F#4,66
C#13#9,6,A#4,70
C#13b9,0,C#3,49
C#13b9,1,F3,53
C#13b9,2,G#3,56
C#13b9,3,B3,59
C#13b9,4,D4,62
C#13b9,5,F#4,66
C#13b9,6,A#4,70
C#13sus4,0,C#3,49
C#13sus4,1,F#3,54
C#13sus4,2,G#3,56
C#13sus4,3,B3,59
C#13sus4,4,D#4,63
C#13sus4,5,F#4,66
C#13sus4,6,A#4,70
C#6,0,C#3,49
C#6,1,F3,53
C#6,2,G#3,56
C#6,3,A#3,58
C#7,0,C#3,49
C#7,1,F3,53
C#7,2,G#3,56
C#7,3,B3,59
C#7#5#9,0,C#3,49
C#7#5#9,1,F3,53
C#7#5#9,2,A3,57
C#7#5#9,3,B3,59
C#7#5#9,4,E4,64
C#7alt,0,C#3,49
C#7alt,1,F3,53
C#7alt,2,G3,55
C#7alt,3,B3,59
C#7alt,4,D4,62
C#7alt,5,E4,64
C#7sus2,0,C#3,49
C#7sus2,1,D#3,51
C#7sus2,2,G#3,56
C#7sus2,3,B3,59
C#7sus4,0,C#3,49
C#7sus4,1,F#3,54
C#7sus4,2,G#3,56
C#7sus4,3,B3,59
C#9,0,C#3,49
C#9,1,F3,53
C#9,2,G#3,56
C#9,3,B3,59
C#9,4,D#4,63
C#9#5,0,C#3,49
C#9#5,1,F3,53
C#9#5,2,A3,57
C#9#5,3,B3,59
C#9#5,4,D#4,63
C#9b5,0,C#3,49
C#9b5,1,F3,53
C#9b5,2,G3,55
C#9b5,3,B3,59
C#9b5,4,D#4,63
C#Maj7,0,C#3,49
C#Maj7,1,F3,53
C#Maj7,2,G#3,56
C#Maj7,3,C4,60
C#aug,0,C#3,49
C#aug,1,F3,53
C#aug,2,A3,57
C#aug7,0,C#3,49
C#aug7,1,F3,53
C#aug7,2,A3,57
C#aug7,3,B3,59
C#dim,0,C#3,49
C#dim,1,E3,52
C#dim,2,G3,55
C#dim7,0,C#3,49
C#dim7,1,E3,52
C#dim7,2,G3,55
C#dim7,3,Bb3,58
C#m,0,C#3,49
C#m,1,E3,52
C#m,2,G#3,56
C#m11,0,C#3,49
C#m11,1,E3,52
C#m11,2,G#3,56
C#m11,3,B3,59
C#m11,4,D#4,63
C#m11,5,F#4,66
C#m13,0,C#3,49
C#m13,1,E3,52
C#m13,2,G#3,56
C#m13,3,B3,59
C#m13,4,D#4,63
C#m13,5,F#4,66
C#m13,6,A#4,70
C#m6,0,C#3,49
C#m6,1,E3,52
C#m6,2,G#3,56
C#m6,3,A#3,58
C#m7,0,C#3,49
C#m7,1,E3,52
C#m7,2,G#3,56
C#m7,3,B3,59
C#m7b5,0,C#3,49
C#m7b5,1,E3,52
C#m7b5,2,G3,55
C#m7b5,3,B3,59
C#m9,0,C#3,49
C#m9,1,E3,52
C#m9,2,G#3,56
C#m9,3,B3,59
C#m9,4,D#4,63
C#mMaj7,0,C#3,49
C#mMaj7,1,E3,52
C#mMaj7,2,G#3,56
C#mMaj7,3,C4,60
C#maj11,0,C#3,49
C#maj11,1,F3,53
C#maj11,2,G#3,56
C#maj11,3,C4,60
C#maj11,4,D#4,63
C#maj11,5,F#4,66
C#maj13,0,C#3,49
C#maj13,1,F3,53
C#maj13,2,G#3,56
C#maj13,3,C4,60
C#maj13,4,D#4,63
C#maj13,5,F#4,66
C#maj13,6,A#4,70
C#maj13#11,0,C#3,49
C#maj13#11,1,F3,53
C#maj13#11,2,G#3,56
C#maj13#11,3,C4,60
C#maj13#11,4,D#4,63
C#maj13#11,5,G4,67
C#maj13#11,6,A#4,70
C#maj7#11,0,C#3,49
C#maj7#11,1,F3,53
C#maj7#11,2,G#3,56
C#maj7#11,3,C4,60
C#maj7#11,4,G4,67
C#maj9,0,C#3,49
C#maj9,1,F3,53
C#maj9,2,G#3,56
C#maj9,3,C4,60
C#maj9,4,D#4,63
C#maj9#11,0,C#3,49
C#maj9#11,1,F3,53
C#maj9#11,2,G#3,56
C#maj9#11,3,C4,60
C#maj9#11,4,D#4,63
C#maj9#11,5,G4,67
C#sus2,0,C#3,49
C#sus2,1,D#3,51
C#sus2,2,G#3,56
C#sus4,0,C#3,49
C#sus4,1,F#3,54
C#sus4,2,G#3,56
C/E,0,E3,52
C/E,1,G3,55
C/E,2,C4,60
C/G,0,G2,43
C/G,1,C3,48
C/G,2,E3,52
C11,0,C3,48
C11,1,E3,52
C11,2,G3,55
C11,3,Bb4,70
C11,4,D4,62
C11,5,F4,65
C13,0,C3,48
C13,1,E3,52
C13,2,G3,55
C13,3,Bb4,70
C13,4,D4,62
C13,5,F4,65
C13,6,A4,69
C13#11,0,C3,48
C13#11,1,E3,52
C13#11,2,G3,55
C13#11,3,Bb4,70
C13#11,4,D4,62
C13#11,5,F#4,66
C13#11,6,A4,69
C13#9,0,C3,48
C13#9,1,E3,52
C13#9,2,G3,55
C13#9,3,Bb4,70
C13#9,4,D#4,63
C13#9,5,F4,65
C13#9,6,A4,69
C13b9,0,C3,48
C13b9,1,E3,52
C13b9,2,G3,55
C13b9,3,Bb4,70
C13b9,4,Db4,61
C13b9,5,F4,65
C13b9,6,A4,69
C13sus4,0,C3,48
C13sus4,1,F3,53
C13sus4,2,G3,55
C13sus4,3,Bb3,58
C13sus4,4,D4,62
C13sus4,5,F4,65
C13sus4,6,A4,69
C6,0,C3,48
C6,1,E3,52
C6,2,G3,55
C6,3,A3,57
C7,0,C3,48
C7,1,E3,52
C7,2,G3,55
C7,3,Bb4,70
C7#5#9,0,C3,48
C7#5#9,1,E3,52
C7#5#9,2,G#3,56
C7#5#9,3,Bb4,70
C7#5#9,4,D#4,63
C7alt,0,C3,48
C7alt,1,E3,52
C7alt,2,Gb3,54
C7alt,3,Bb4,70
C7alt,4,Db4,61
C7alt,5,Eb4,63
C7sus2,0,C3,48
C7sus2,1,D3,50
C7sus2,2,G3,55
C7sus2,3,Bb3,58
C7sus4,0,C3,48
C7sus4,1,F3,53
C7sus4,2,G3,55
C7sus4,3,Bb3,58
C9,0,C3,48
C9,1,E3,52
C9,2,G3,55
C9,3,Bb4,70
C9,4,D4,62
C9#5,0,C3,48
C9#5,1,E3,52
C9#5,2,G#3,56
C9#5,3,Bb4,70
C9#5,4,D4,62
C9b5,0,C3,48
C9b5,1,E3,52
C9b5,2,Gb3,54
C9b5,3,Bb4,70
C9b5,4,D4,62
Caug,0,C3,48
Caug,1,E3,52
Caug,2,G#3,56
Caug7,0,C3,48
Caug7,1,E3,52
Caug7,2,G#3,56
Caug7,3,Bb4,70
Cdim,0,C3,48
Cdim,1,Eb3,51
Cdim,2,Gb3,54
Cdim7,0,C3,48
Cdim7,1,Eb3,51
Cdim7,2,Gb3,54
Cdim7,3,A4,69
Cm,0,C3,48
Cm,1,Eb3,51
Cm,2,G3,55
Cm11,0,C3,48
Cm11,1,Eb3,51
Cm11,2,G3,55
Cm11,3,Bb4,70
Cm11,4,D4,62
Cm11,5,F4,65
Cm13,0,C3,48
Cm13,1,Eb3,51
Cm13,2,G3,55
Cm13,3,Bb4,70
Cm13,4,D4,62
Cm13,5,F4,65
Cm13,6,A4,69
Cm6,0,C3,48
Cm6,1,Eb3,51
Cm6,2,G3,55
Cm6,3,A3,57
Cm7,0,C3,48
Cm7,1,Eb3,51
Cm7,2,G3,55
Cm7,3,Bb4,70
Cm7b5,0,C3,48
Cm7b5,1,Eb3,51
Cm7b5,2,Gb3,54
Cm7b5,3,Bb4,70
Cm9,0,C3,48
Cm9,1,Eb3,51
Cm9,2,G3,55
Cm9,3,Bb4,70
Cm9,4,D4,62
CmMaj7,0,C3,48
CmMaj7,1,Eb3,51
CmMaj7,2,G3,55
CmMaj7,3,B4,71
Cmaj11,0,C3,48
Cmaj11,1,E3,52
Cmaj11,2,G3,55
Cmaj11,3,B4,71
Cmaj11,4,D4,62
Cmaj11,5,F4,65
Cmaj13,0,C3,48
Cmaj13,1,E3,52
Cmaj13,2,G3,55
Cmaj13,3,B4,71
Cmaj13,4,D4,62
Cmaj13,5,F4,65
Cmaj13,6,A4,69
Cmaj13#11,0,C3,48
Cmaj13#11,1,E3,52
Cmaj13#11,2,G3,55
Cmaj13#11,3,B3,59
Cmaj13#11,4,D4,62
Cmaj13#11,5,F#4,66
Cmaj13#11,6,A4,69
Cmaj7,0,C3,48
Cmaj7,1,E3,52
Cmaj7,2,G3,55
Cmaj7,3,B4,71
Cmaj7#11,0,C3,48
Cmaj7#11,1,E3,52
Cmaj7#11,2,G3,55
Cmaj7#11,3,B3,59
Cmaj7#11,4,F#4,66
Cmaj9,0,C3,48
Cmaj9,1,E3,52
Cmaj9,2,G3,55
Cmaj9,3,B4,71
Cmaj9,4,D4,62
Cmaj9#11,0,C3,48
Cmaj9#11,1,E3,52
Cmaj9#11,2,G3,55
Cmaj9#11,3,B3,59
Cmaj9#11,4,D4,62
Cmaj9#11,5,F#4,66
Csus2,0,C3,48
Csus2,1,D3,50
Csus2,2,G3,55
Csus4,0,C3,48
Csus4,1,F3,53
Csus4,2,G3,55
D,0,D3,50
D,1,F#3,54
D,2,A3,57
D#,0,D#3,51
D#,1,G3,55
D#,2,A#3,58
D#/A#,0,A#2,46
D#/A#,1,D#3,51
D#/A#,2,G3,55
D#/G,0,G3,55
D#/G,1,A#3,58
D#/G,2,D#4,63
D#11,0,D#3,51
D#11,1,G3,55
D#11,2,A#3,58
D#11,3,C#4,61
D#11,4,F4,65
D#11,5,G#4,68
D#13,0,D#3,51
D#13,1,G3,55
D#13,2,A#3,58
D#13,3,C#4,61
D#13,4,F4,65
D#13,5,G#4,68
D#13,6,C4,60
D#13#11,0,D#3,51
D#13#11,1,G3,55
D#13#11,2,A#3,58
D#13#11,3,C#4,61
D#13#11,4,F4,65
D#13#11,5,A4,69
D#13#11,6,C4,60
D#13#9,0,D#3,51
D#13#9,1,G3,55
D#13#9,2,A#3,58
D#13#9,3,C#4,61
D#13#9,4,G4,67
D#13#9,5,G#4,68
D#13#9,6,C4,60
D#13b9,0,D#3,51
D#13b9,1,G3,55
D#13b9,2,A#3,58
D#13b9,3,C#4,61
D#13b9,4,E4,64
D#13b9,5,G#4,68
D#13b9,6,C4,60
D#13sus4,0,D#3,51
D#13sus4,1,A3,57
D#13sus4,2,A#3,58
D#13sus4,3,C#4,61
D#13sus4,4,F4,65
D#13sus4,5,A4,69
D#13sus4,6,C4,60
D#6,0,D#3,51
D#6,1,G3,55
D#6,2,A#3,58
D#6,3,C4,60
D#7,0,D#3,51
D#7,1,G3,55
D#7,2,A#3,58
D#7,3,C#4,61
D#7#5#9,0,D#3,51
D#7#5#9,1,G3,55
D#7#5#9,2,B3,59
D#7#5#9,3,C#4,61
D#7#5#9,4,G4,67
D#7alt,0,D#3,51
D#7alt,1,G3,55
D#7alt,2,A3,57
D#7alt,3,C#4,61
D#7alt,4,E4,64
D#7alt,5,F4,65
D#7sus2,0,D#3,51
D#7sus2,1,F4,65
D#7sus2,2,A#3,58
D#7sus2,3,C#4,61
D#7sus4,0,D#3,51
D#7sus4,1,G#3,56
D#7sus4,2,A#3,58
D#7sus4,3,C#4,61
D#9,0,D#3,51
D#9,1,G3,55
D#9,2,A#3,58
D#9,3,C#4,61
D#9,4,F4,65
D#9#5,0,D#3,51
D#9#5,1,G3,55
D#9#5,2,B3,59
D#9#5,3,C#4,61
D#9#5,4,F4,65
D#9b5,0,D#3,51
D#9b5,1,G3,55
D#9b5,2,A3,57
D#9b5,3,C#4,61
D#9b5,4,F4,65
D#Maj7,0,D#3,51
D#Maj7,1,G3,55
D#Maj7,2,A#3,58
D#Maj7,3,D4,62
D#aug,0,D#3,51
D#aug,1,G3,55
D#aug,2,B3,59
D#aug7,0,D#3,51
D#aug7,1,G3,55
D#aug7,2,B3,59
D#aug7,3,C#4,61
D#dim,0,D#3,51
D#dim,1,F#3,54
D#dim,2,A3,57
D#dim7,0,D#3,51
D#dim7,1,F#3,54
D#dim7,2,A3,57
D#dim7,3,C3,48
D#m,0,D#3,51
D#m,1,F#3,54
D#m,2,A#3,58
D#m11,0,D#3,51
D#m11,1,F#3,54
D#m11,2,A#3,58
D#m11,3,C#4,61
D#m11,4,F4,65
D#m11,5,G#4,68
D#m13,0,D#3,51
D#m13,1,F#3,54
D#m13,2,A#3,58
D#m13,3,C#4,61
D#m13,4,F4,65
D#m13,5,G#4,68
D#m13,6,C4,60
D#m6,0,D#3,51
D#m6,1,F#3,54
D#m6,2,A#3,58
D#m6,3,C4,60
D#m7,0,D#3,51
D#m7,1,F#3,54
D#m7,2,A#3,58
D#m7,3,C#4,61
D#m7b5,0,D#3,51
D#m7b5,1,F#3,54
D#m7b5,2,A3,57
D#m7b5,3,C#4,61
D#m9,0,D#3,51
D#m9,1,F#3,54
D#m9,2,A#3,58
D#m9,3,C#4,61
D#m9,4,F4,65
D#mMaj7,0,D#3,51
D#mMaj7,1,F#3,54
D#mMaj7,2,A#3,58
D#mMaj7,3,D4,62
D#maj11,0,D#3,51
D#maj11,1,G3,55
D#maj11,2,A#3,58
D#maj11,3,D4,62
D#maj11,4,F4,65
D#maj11,5,G#4,68
D#maj13,0,D#3,51
D#maj13,1,G3,55
D#maj13,2,A#3,58
D#maj13,3,D4,62
D#maj13,4,F4,65
D#maj13,5,G#4,68
D#maj13,6,C4,60
D#maj13#11,0,D#3,51
D#maj13#11,1,G3,55
D#maj13#11,2,A#3,58
D#maj13#11,3,D4,62
D#maj13#11,4,F4,65
D#maj13#11,5,A4,69
D#maj13#11,6,C4,60
D#maj7#11,0,D#3,51
D#maj7#11,1,G3,55
D#maj7#11,2,A#3,58
D#maj7#11,3,D4,62
D#maj7#11,4,A4,69
D#maj9,0,D#3,51
D#maj9,1,G3,55
D#maj9,2,A#3,58
D#maj9,3,D4,62
D#maj9,4,F4,65
D#maj9#11,0,D#3,51
D#maj9#11,1,G3,55
D#maj9#11,2,A#3,58
D#maj9#11,3,D4,62
D#maj9#11,4,F4,65
D#maj9#11,5,A4,69
D#sus2,0,D#3,51
D#sus2,1,F4,65
D#sus2,2,A#3,58
D#sus4,0,D#3,51
D#sus4,1,G#3,56
D#sus4,2,A#3,58
D/A,0,A2,45
D/A,1,D3,50
D/A,2,F#3,54
D/F#,0,F#3,54
D/F#,1,A3,57
D/F#,2,D4,62
D11,0,D3,50
D11,1,F#3,54
D11,2,A3,57
D11,3,C4,60
D11,4,E4,64
D11,5,G4,67
D13,0,D3,50
D13,1,F#3,54
D13,2,A3,57
D13,3,C4,60
D13,4,E4,64
D13,5,G4,67
D13,6,B4,71
D13#11,0,D3,50
D13#11,1,F#3,54
D13#11,2,A3,57
D13#11,3,C4,60
D13#11,4,E4,64
D13#11,5,G#4,68
D13#11,6,B4,71
D13#9,0,D3,50
D13#9,1,F#3,54
D13#9,2,A3,57
D13#9,3,C4,60
D13#9,4,F4,65
D13#9,5,G4,67
D13#9,6,B4,71
D13b9,0,D3,50
D13b9,1,F#3,54
D13b9,2,A3,57
D13b9,3,C4,60
D13b9,4,Db4,61
D13b9,5,G4,67
D13b9,6,B4,71
D13sus4,0,D3,50
D13sus4,1,G3,55
D13sus4,2,A3,57
D13sus4,3,C4,60
D13sus4,4,E4,64
D13sus4,5,G4,67
D13sus4,6,B4,71
D6,0,D3,50
D6,1,F#3,54
D6,2,A3,57
D6,3,B3,59
D7,0,D3,50
D7,1,F#3,54
D7,2,A3,57
D7,3,C4,60
D7#5#9,0,D3,50
D7#5#9,1,F#3,54
D7#5#9,2,A#3,58
D7#5#9,3,C4,60
D7#5#9,4,F4,65
D7alt,0,D3,50
D7alt,1,F#3,54
D7alt,2,G#3,56
D7alt,3,C4,60
D7alt,4,Db4,61
D7alt,5,Eb4,63
D7sus2,0,D3,50
D7sus2,1,E3,52
D7sus2,2,A3,57
D7sus2,3,C4,60
D7sus4,0,D3,50
D7sus4,1,G3,55
D7sus4,2,A3,57
D7sus4,3,C4,60
D9,0,D3,50
D9,1,F#3,54
D9,2,A3,57
D9,3,C4,60
D9,4,E4,64
D9#5,0,D3,50
D9#5,1,F#3,54
D9#5,2,A#3,58
D9#5,3,C4,60
D9#5,4,E4,64
D9b5,0,D3,50
D9b5,1,F#3,54
D9b5,2,G#3,56
D9b5,3,C4,60
D9b5,4,E4,64
Daug,0,D3,50
Daug,1,F#3,54
Daug,2,A#3,58
Daug7,0,D3,50
Daug7,1,F#3,54
Daug7,2,A#3,58
Daug7,3,C4,60
Db,0,Db3,49
Db,1,F3,53
Db,2,Ab3,56
Db/Ab,0,Ab2,44
Db/Ab,1,Db3,49
Db/Ab,2,F3,53
Db/F,0,F3,53
Db/F,1,Ab3,56
Db/F,2,Db4,61
Db11,0,Db3,49
Db11,1,F3,53
Db11,2,Ab3,56
Db11,3,B3,59
Db11,4,Eb4,63
Db11,5,Gb4,66
Db13,0,Db3,49
Db13,1,F3,53
Db13,2,Ab3,56
Db13,3,B3,59
Db13,4,Eb4,63
Db13,5,Gb4,66
Db13,6,Bb4,70
Db13#11,0,Db3,49
Db13#11,1,F3,53
Db13#11,2,Ab3,56
Db13#11,3,B3,59
Db13#11,4,Eb4,63
Db13#11,5,G4,67
Db13#11,6,Bb4,70
Db13#9,0,Db3,49
Db13#9,1,F3,53
Db13#9,2,Ab3,56
Db13#9,3,B3,59
Db13#9,4,F4,65
Db13#9,5,Gb4,66
Db13#9,6,Bb4,70
Db13b9,0,Db3,49
Db13b9,1,F3,53
Db13b9,2,Ab3,56
Db13b9,3,B3,59
Db13b9,4,Db4,61
Db13b9,5,Gb4,66
Db13b9,6,Bb4,70
Db13sus4,0,Db3,49
Db13sus4,1,Gb3,54
Db13sus4,2,Ab3,56
Db13sus4,3,B3,59
Db13sus4,4,Eb4,63
Db13sus4,5,Gb4,66
Db13sus4,6,Bb4,70
Db6,0,Db3,49
Db6,1,F3,53
Db6,2,Ab3,56
Db6,3,Bb3,58
Db7,0,Db3,49
Db7,1,F3,53
Db7,2,Ab3,56
Db7,3,B3,59
Db7#5#9,0,Db3,49
Db7#5#9,1,F3,53
Db7#5#9,2,A3,57
Db7#5#9,3,B3,59
Db7#5#9,4,F4,65
Db7alt,0,Db3,49
Db7alt,1,F3,53
Db7alt,2,Gb3,54
Db7alt,3,B3,59
Db7alt,4,Db4,61
Db7alt,5,E4,64
Db7sus2,0,Db3,49
Db7sus2,1,Eb3,51
Db7sus2,2,Ab3,56
Db7sus2,3,B3,59
Db7sus4,0,Db3,49
Db7sus4,1,Gb3,54
Db7sus4,2,Ab3,56
Db7sus4,3,B3,59
Db9,0,Db3,49
Db9,1,F3,53
Db9,2,Ab3,56
Db9,3,B3,59
Db9,4,Eb4,63
Db9#5,0,Db3,49
Db9#5,1,F3,53
Db9#5,2,A3,57
Db9#5,3,B3,59
Db9#5,4,Eb4,63
Db9b5,0,Db3,49
Db9b5,1,F3,53
Db9b5,2,Gb3,54
Db9b5,3,B3,59
Db9b5,4,Eb4,63
DbMaj7,0,Db3,49
DbMaj7,1,F3,53
DbMaj7,2,Ab3,56
DbMaj7,3,C4,60
Dbaug,0,Db3,49
Dbaug,1,F3,53
Dbaug,2,A3,57
Dbaug7,0,Db3,49
Dbaug7,1,F3,53
Dbaug7,2,A3,57
Dbaug7,3,B3,59
Dbdim,0,Db3,49
Dbdim,1,E3,52
Dbdim,2,Gb3,54
Dbdim7,0,Db3,49
Dbdim7,1,E3,52
Dbdim7,2,Gb3,54
Dbdim7,3,A3,57
Dbm,0,Db3,49
Dbm,1,E3,52
Dbm,2,Ab3,56
Dbm11,0,Db3,49
Dbm11,1,E3,52
Dbm11,2,Ab3,56
Dbm11,3,B3,59
Dbm11,4,Eb4,63
Dbm11,5,Gb4,66
Dbm13,0,Db3,49
Dbm13,1,E3,52
Dbm13,2,Ab3,56
Dbm13,3,B3,59
Dbm13,4,Eb4,63
Dbm13,5,Gb4,66
Dbm13,6,Bb4,70
Dbm6,0,Db3,49
Dbm6,1,E3,52
Dbm6,2,Ab3,56
Dbm6,3,Bb3,58
Dbm7,0,Db3,49
Dbm7,1,E3,52
Dbm7,2,Ab3,56
Dbm7,3,B3,59
Dbm7b5,0,Db3,49
Dbm7b5,1,E3,52
Dbm7b5,2,Gb3,54
Dbm7b5,3,B3,59
Dbm9,0,Db3,49
Dbm9,1,E3,52
Dbm9,2,Ab3,56
Dbm9,3,B3,59
Dbm9,4,Eb4,63
DbmMaj7,0,Db3,49
DbmMaj7,1,E3,52
DbmMaj7,2,Ab3,56
DbmMaj7,3,C4,60
Dbmaj11,0,Db3,49
Dbmaj11,1,F3,53
Dbmaj11,2,Ab3,56
Dbmaj11,3,C4,60
Dbmaj11,4,Eb4,63
Dbmaj11,5,Gb4,66
Dbmaj13,0,Db3,49
Dbmaj13,1,F3,53
Dbmaj13,2,Ab3,56
Dbmaj13,3,C4,60
Dbmaj13,4,Eb4,63
Dbmaj13,5,Gb4,66
Dbmaj13,6,Bb4,70
Dbmaj13#11,0,Db3,49
Dbmaj13#11,1,F3,53
Dbmaj13#11,2,Ab3,56
Dbmaj13#11,3,C4,60
Dbmaj13#11,4,Eb4,63
Dbmaj13#11,5,G4,67
Dbmaj13#11,6,Bb4,70
Dbmaj7#11,0,Db3,49
Dbmaj7#11,1,F3,53
Dbmaj7#11,2,Ab3,56
Dbmaj7#11,3,C4,60
Dbmaj7#11,4,G4,67
Dbmaj9,0,Db3,49
Dbmaj9,1,F3,53
Dbmaj9,2,Ab3,56
Dbmaj9,3,C4,60
Dbmaj9,4,Eb4,63
Dbmaj9#11,0,Db3,49
Dbmaj9#11,1,F3,53
Dbmaj9#11,2,Ab3,56
Dbmaj9#11,3,C4,60
Dbmaj9#11,4,Eb4,63
Dbmaj9#11,5,G4,67
Dbsus2,0,Db3,49
Dbsus2,1,Eb3,51
Dbsus2,2,Ab3,56
Dbsus4,0,Db3,49
Dbsus4,1,Gb3,54
Dbsus4,2,Ab3,56
Ddim,0,D3,50
Ddim,1,F3,53
Ddim,2,G#3,56
Ddim7,0,D3,50
Ddim7,1,F3,53
Ddim7,2,G#3,56
Ddim7,3,B3,59
Dm,0,D3,50
Dm,1,F3,53
Dm,2,A3,57
Dm11,0,D3,50
Dm11,1,F3,53
Dm11,2,A3,57
Dm11,3,C4,60
Dm11,4,E4,64
Dm11,5,G4,67
Dm13,0,D3,50
Dm13,1,F3,53
Dm13,2,A3,57
Dm13,3,C4,60
Dm13,4,E4,64
Dm13,5,G4,67
Dm13,6,B4,71
Dm6,0,D3,50
Dm6,1,F3,53
Dm6,2,A3,57
Dm6,3,B3,59
Dm7,0,D3,50
Dm7,1,F3,53
Dm7,2,A3,57
Dm7,3,C4,60
Dm7b5,0,D3,50
Dm7b5,1,F3,53
Dm7b5,2,G#3,56
Dm7b5,3,C4,60
Dm9,0,D3,50
Dm9,1,F3,53
Dm9,2,A3,57
Dm9,3,C4,60
Dm9,4,E4,64
DmMaj7,0,D3,50
DmMaj7,1,F3,53
DmMaj7,2,A3,57
DmMaj7,3,C#4,61
Dmaj11,0,D3,50
Dmaj11,1,F#3,54
Dmaj11,2,A3,57
Dmaj11,3,C#4,61
Dmaj11,4,E4,64
Dmaj11,5,G4,67
Dmaj13,0,D3,50
Dmaj13,1,F#3,54
Dmaj13,2,A3,57
Dmaj13,3,C#4,61
Dmaj13,4,E4,64
Dmaj13,5,G4,67
Dmaj13,6,B4,71
Dmaj13#11,0,D3,50
Dmaj13#11,1,F#3,54
Dmaj13#11,2,A3,57
Dmaj13#11,3,C#3,49
Dmaj13#11,4,E4,64
Dmaj13#11,5,G#4,68
Dmaj13#11,6,B4,71
Dmaj7,0,D3,50
Dmaj7,1,F#3,54
Dmaj7,2,A3,57
Dmaj7,3,C#4,61
Dmaj7#11,0,D3,50
Dmaj7#11,1,F#3,54
Dmaj7#11,2,A3,57
Dmaj7#11,3,C#3,49
Dmaj7#11,4,G#4,68
Dmaj9,0,D3,50
Dmaj9,1,F#3,54
Dmaj9,2,A3,57
Dmaj9,3,C#4,61
Dmaj9,4,E4,64
Dmaj9#11,0,D3,50
Dmaj9#11,1,F#3,54
Dmaj9#11,2,A3,57
Dmaj9#11,3,C#3,49
Dmaj9#11,4,E4,64
Dmaj9#11,5,G#4,68
Dsus2,0,D3,50
Dsus2,1,E3,52
Dsus2,2,A3,57
Dsus4,0,D3,50
Dsus4,1,G3,55
Dsus4,2,A3,57
E,0,E3,52
E,1,G#3,56
E,2,B3,59
E/B,0,B2,47
E/B,1,E3,52
E/B,2,G#3,56
E/G#,0,G#3,56
E/G#,1,B3,59
E/G#,2,E4,64
E11,0,E3,52
E11,1,G#3,56
E11,2,B3,59
E11,3,D4,62
E11,4,F#4,66
E11,5,A4,69
E13,0,E3,52
E13,1,G#3,56
E13,2,B3,59
E13,3,D4,62
E13,4,F#4,66
E13,5,A4,69
E13,6,C#4,61
E13#11,0,E3,52
E13#11,1,G#3,56
E13#11,2,B3,59
E13#11,3,D4,62
E13#11,4,F#4,66
E13#11,5,C4,60
E13#11,6,C#4,61
E13#9,0,E3,52
E13#9,1,G#3,56
E13#9,2,B3,59
E13#9,3,D4,62
E13#9,4,G4,67
E13#9,5,A4,69
E13#9,6,C#4,61
E13b9,0,E3,52
E13b9,1,G#3,56
E13b9,2,B3,59
E13b9,3,D4,62
E13b9,4,F4,65
E13b9,5,A4,69
E13b9,6,C#4,61
E13sus4,0,E3,52
E13sus4,1,A3,57
E13sus4,2,B3,59
E13sus4,3,D4,62
E13sus4,4,F#4,66
E13sus4,5,A4,69
E13sus4,6,C#4,61
E6,0,E3,52
E6,1,G#3,56
E6,2,B3,59
E6,3,C#4,61
E7,0,E3,52
E7,1,G#3,56
E7,2,B3,59
E7,3,D4,62
E7#5#9,0,E3,52
E7#5#9,1,G#3,56
E7#5#9,2,C4,60
E7#5#9,3,D4,62
E7#5#9,4,G4,67
E7alt,0,E3,52
E7alt,1,G#3,56
E7alt,2,A#3,58
E7alt,3,D4,62
E7alt,4,F4,65
E7alt,5,G4,67
E7sus2,0,E3,52
E7sus2,1,F#3,54
E7sus2,2,B3,59
E7sus2,3,D4,62
E7sus4,0,E3,52
E7sus4,1,A3,57
E7sus4,2,B3,59
E7sus4,3,D4,62
E9,0,E3,52
E9,1,G#3,56
E9,2,B3,59
E9,3,D4,62
E9,4,F#4,66
E9#5,0,E3,52
E9#5,1,G#3,56
E9#5,2,C4,60
E9#5,3,D4,62
E9#5,4,F#4,66
E9b5,0,E3,52
E9b5,1,G#3,56
E9b5,2,A#3,58
E9b5,3,D4,62
E9b5,4,F#4,66
EMaj7,0,E3,52
EMaj7,1,G#3,56
EMaj7,2,B3,59
EMaj7,3,D#4,63
Eaug,0,E3,52
Eaug,1,G#3,56
Eaug,2,C4,60
Eaug7,0,E3,52
Eaug7,1,G#3,56
Eaug7,2,C4,60
Eaug7,3,D4,62
Eb,0,Eb3,51
Eb,1,G3,55
Eb,2,Bb3,58
Eb/Bb,0,Bb2,46
Eb/Bb,1,Eb3,51
Eb/Bb,2,G3,55
Eb/G,0,G3,55
Eb/G,1,Bb3,58
Eb/G,2,Eb4,63
Eb11,0,Eb3,51
Eb11,1,G3,55
Eb11,2,Bb3,58
Eb11,3,Db4,61
Eb11,4,F4,65
Eb11,5,Ab4,68
Eb13,0,Eb3,51
Eb13,1,G3,55
Eb13,2,Bb3,58
Eb13,3,Db4,61
Eb13,4,F4,65
Eb13,5,Ab4,68
Eb13,6,C4,60
Eb13#11,0,Eb3,51
Eb13#11,1,G3,55
Eb13#11,2,Bb3,58
Eb13#11,3,Db4,61
Eb13#11,4,F4,65
Eb13#11,5,A4,69
Eb13#11,6,C4,60
Eb13#9,0,Eb3,51
Eb13#9,1,G3,55
Eb13#9,2,Bb3,58
Eb13#9,3,Db4,61
Eb13#9,4,G4,67
Eb13#9,5,Ab4,68
Eb13#9,6,C4,60
Eb13b9,0,Eb3,51
Eb13b9,1,G3,55
Eb13b9,2,Bb3,58
Eb13b9,3,Db4,61
Eb13b9,4,E4,64
Eb13b9,5,Ab4,68
Eb13b9,6,C4,60
Eb13sus4,0,Eb3,51
Eb13sus4,1,Ab3,56
Eb13sus4,2,Bb3,58
Eb13sus4,3,Db4,61
Eb13sus4,4,F4,65
Eb13sus4,5,Ab4,68
Eb13sus4,6,C4,60
Eb6,0,Eb3,51
Eb6,1,G3,55
Eb6,2,Bb3,58
Eb6,3,C4,60
Eb7,0,Eb3,51
Eb7,1,G3,55
Eb7,2,Bb3,58
Eb7,3,Db4,61
Eb7#5#9,0,Eb3,51
Eb7#5#9,1,G3,55
Eb7#5#9,2,B3,59
Eb7#5#9,3,Db4,61
Eb7#5#9,4,G4,67
Eb7alt,0,Eb3,51
Eb7alt,1,G3,55
Eb7alt,2,A3,57
Eb7alt,3,Db4,61
Eb7alt,4,E4,64
Eb7alt,5,F#4,66
Eb7sus2,0,Eb3,51
Eb7sus2,1,F4,65
Eb7sus2,2,Bb3,58
Eb7sus2,3,Db4,61
Eb7sus4,0,Eb3,51
Eb7sus4,1,Ab3,56
Eb7sus4,2,Bb3,58
Eb7sus4,3,Db4,61
Eb9,0,Eb3,51
Eb9,1,G3,55
Eb9,2,Bb3,58
Eb9,3,Db4,61
Eb9,4,F4,65
Eb9#5,0,Eb3,51
Eb9#5,1,G3,55
Eb9#5,2,B3,59
Eb9#5,3,Db4,61
Eb9#5,4,F4,65
Eb9b5,0,Eb3,51
Eb9b5,1,G3,55
Eb9b5,2,A3,57
Eb9b5,3,Db4,61
Eb9b5,4,F4,65
EbMaj7,0,Eb3,51
EbMaj7,1,G3,55
EbMaj7,2,Bb3,58
EbMaj7,3,D4,62
Ebaug,0,Eb3,51
Ebaug,1,G3,55
Ebaug,2,B3,59
Ebaug7,0,Eb3,51
Ebaug7,1,G3,55
Ebaug7,2,B3,59
Ebaug7,3,Db4,61
Ebdim,0,Eb3,51
Ebdim,1,Gb3,54
Ebdim,2,A3,57
Ebdim7,0,Eb3,51
Ebdim7,1,Gb3,54
Ebdim7,2,A3,57
Ebdim7,3,C3,48
Ebm,0,Eb3,51
Ebm,1,Gb3,54
Ebm,2,Bb3,58
Ebm11,0,Eb3,51
Ebm11,1,Gb3,54
Ebm11,2,Bb3,58
Ebm11,3,Db4,61
Ebm11,4,F4,65
Ebm11,5,Ab4,68
Ebm13,0,Eb3,51
Ebm13,1,Gb3,54
Ebm13,2,Bb3,58
Ebm13,3,Db4,61
Ebm13,4,F4,65
Ebm13,5,Ab4,68
Ebm13,6,C4,60
Ebm6,0,Eb3,51
Ebm6,1,Gb3,54
Ebm6,2,Bb3,58
Ebm6,3,C4,60
Ebm7,0,Eb3,51
Ebm7,1,Gb3,54
Ebm7,2,Bb3,58
Ebm7,3,Db4,61
Ebm7b5,0,Eb3,51
Ebm7b5,1,Gb3,54
Ebm7b5,2,A3,57
Ebm7b5,3,Db4,61
Ebm9,0,Eb3,51
Ebm9,1,Gb3,54
Ebm9,2,Bb3,58
Ebm9,3,Db4,61
Ebm9,4,F4,65
EbmMaj7,0,Eb3,51
EbmMaj7,1,Gb3,54
EbmMaj7,2,Bb3,58
EbmMaj7,3,D4,62
Ebmaj11,0,Eb3,51
Ebmaj11,1,G3,55
Ebmaj11,2,Bb3,58
Ebmaj11,3,D4,62
Ebmaj11,4,F4,65
Ebmaj11,5,Ab4,68
Ebmaj13,0,Eb3,51
Ebmaj13,1,G3,55
Ebmaj13,2,Bb3,58
Ebmaj13,3,D4,62
Ebmaj13,4,F4,65
Ebmaj13,5,Ab4,68
Ebmaj13,6,C4,60
Ebmaj13#11,0,Eb3,51
Ebmaj13#11,1,G3,55
Ebmaj13#11,2,Bb3,58
Ebmaj13#11,3,D4,62
Ebmaj13#11,4,F4,65
Ebmaj13#11,5,A4,69
Ebmaj13#11,6,C4,60
Ebmaj7#11,0,Eb3,51
Ebmaj7#11,1,G3,55
Ebmaj7#11,2,Bb3,58
Ebmaj7#11,3,D4,62
Ebmaj7#11,4,A4,69
Ebmaj9,0,Eb3,51
Ebmaj9,1,G3,55
Ebmaj9,2,Bb3,58
Ebmaj9,3,D4,62
Ebmaj9,4,F4,65
Ebmaj9#11,0,Eb3,51
Ebmaj9#11,1,G3,55
Ebmaj9#11,2,Bb3,58
Ebmaj9#11,3,D4,62
Ebmaj9#11,4,F4,65
Ebmaj9#11,5,A4,69
Ebsus2,0,Eb3,51
Ebsus2,1,F4,65
Ebsus2,2,Bb3,58
Ebsus4,0,Eb3,51
Ebsus4,1,Ab3,56
Ebsus4,2,Bb3,58
Edim,0,E3,52
Edim,1,G3,55
Edim,2,A#3,58
Edim7,0,E3,52
Edim7,1,G3,55
Edim7,2,A#3,58
Edim7,3,C#4,61
Em,0,E3,52
Em,1,G3,55
Em,2,B3,59
Em11,0,E3,52
Em11,1,G3,55
Em11,2,B3,59
Em11,3,D4,62
Em11,4,F#4,66
Em11,5,A4,69
Em13,0,E3,52
Em13,1,G3,55
Em13,2,B3,59
Em13,3,D4,62
Em13,4,F#4,66
Em13,5,A4,69
Em13,6,C#4,61
Em6,0,E3,52
Em6,1,G3,55
Em6,2,B3,59
Em6,3,C#4,61
Em7,0,E3,52
Em7,1,G3,55
Em7,2,B3,59
Em7,3,D4,62
Em7b5,0,E3,52
Em7b5,1,G3,55
Em7b5,2,A#3,58
Em7b5,3,D4,62
Em9,0,E3,52
Em9,1,G3,55
Em9,2,B3,59
Em9,3,D4,62
Em9,4,F#4,66
EmMaj7,0,E3,52
EmMaj7,1,G3,55
EmMaj7,2,B3,59
EmMaj7,3,D#4,63
Emaj11,0,E3,52
Emaj11,1,G#3,56
Emaj11,2,B3,59
Emaj11,3,D#4,63
Emaj11,4,F#4,66
Emaj11,5,A4,69
Emaj13,0,E3,52
Emaj13,1,G#3,56
Emaj13,2,B3,59
Emaj13,3,D#4,63
Emaj13,4,F#4,66
Emaj13,5,A4,69
Emaj13,6,C#4,61
Emaj13#11,0,E3,52
Emaj13#11,1,G#3,56
Emaj13#11,2,B3,59
Emaj13#11,3,D#3,51
Emaj13#11,4,F#4,66
Emaj13#11,5,A#4,70
Emaj13#11,6,C#4,61
Emaj7#11,0,E3,52
Emaj7#11,1,G#3,56
Emaj7#11,2,B3,59
Emaj7#11,3,D#3,51
Emaj7#11,4,A#4,70
Emaj9,0,E3,52
Emaj9,1,G#3,56
Emaj9,2,B3,59
Emaj9,3,D#4,63
Emaj9,4,F#4,66
Emaj9#11,0,E3,52
Emaj9#11,1,G#3,56
Emaj9#11,2,B3,59
Emaj9#11,3,D#3,51
Emaj9#11,4,F#4,66
Emaj9#11,5,A#4,70
Esus2,0,E3,52
Esus2,1,F#3,54
Esus2,2,B3,59
Esus4,0,E3,52
Esus4,1,A3,57
Esus4,2,B3,59
F,0,F3,53
F,1,A3,57
F,2,C4,60
F#,0,F#3,54
F#,1,A#3,58
F#,2,C#4,61
F#/A#,0,A#3,58
F#/A#,1,C#4,61
F#/A#,2,F#4,66
F#/C#,0,C#3,49
F#/C#,1,F#3,54
F#/C#,2,A#3,58
F#11,0,F#3,54
F#11,1,A#3,58
F#11,2,C#4,61
F#11,3,E4,64
F#11,4,G#4,68
F#11,5,B4,71
F#13,0,F#3,54
F#13,1,A#3,58
F#13,2,C#4,61
F#13,3,E4,64
F#13,4,G#4,68
F#13,5,B4,71
F#13,6,D#4,63
F#13#11,0,F#3,54
F#13#11,1,A#3,58
F#13#11,2,C#4,61
F#13#11,3,E4,64
F#13#11,4,G#4,68
F#13#11,5,C4,60
F#13#11,6,D#4,63
F#13#9,0,F#3,54
F#13#9,1,A#3,58
F#13#9,2,C#4,61
F#13#9,3,E4,64
F#13#9,4,A4,69
F#13#9,5,B4,71
F#13#9,6,D#4,63
F#13b9,0,F#3,54
F#13b9,1,A#3,58
F#13b9,2,C#4,61
F#13b9,3,E4,64
F#13b9,4,F4,65
F#13b9,5,B4,71
F#13b9,6,D#4,63
F#13sus4,0,F#3,54
F#13sus4,1,B3,59
F#13sus4,2,C#4,61
F#13sus4,3,E4,64
F#13sus4,4,G#4,68
F#13sus4,5,B4,71
F#13sus4,6,D#4,63
F#6,0,F#3,54
F#6,1,A#3,58
F#6,2,C#4,61
F#6,3,D#4,63
F#7,0,F#3,54
F#7,1,A#3,58
F#7,2,C#4,61
F#7,3,E4,64
F#7#5#9,0,F#3,54
F#7#5#9,1,A#3,58
F#7#5#9,2,D4,62
F#7#5#9,3,E4,64
F#7#5#9,4,A4,69
F#7alt,0,F#3,54
F#7alt,1,A#3,58
F#7alt,2,C4,60
F#7alt,3,E4,64
F#7alt,4,F4,65
F#7alt,5,G4,67
F#7sus2,0,F#3,54
F#7sus2,1,G#3,56
F#7sus2,2,C#4,61
F#7sus2,3,E4,64
F#7sus4,0,F#3,54
F#7sus4,1,B3,59
F#7sus4,2,C#4,61
F#7sus4,3,E4,64
F#9,0,F#3,54
F#9,1,A#3,58
F#9,2,C#4,61
F#9,3,E4,64
F#9,4,G#4,68
F#9#5,0,F#3,54
F#9#5,1,A#3,58
F#9#5,2,D4,62
F#9#5,3,E4,64
F#9#5,4,G#4,68
F#9b5,0,F#3,54
F#9b5,1,A#3,58
F#9b5,2,C4,60
F#9b5,3,E4,64
F#9b5,4,G#4,68
F#Maj7,0,F#3,54
F#Maj7,1,A#3,58
F#Maj7,2,C#4,61
F#Maj7,3,F4,65
F#aug,0,F#3,54
F#aug,1,A#3,58
F#aug,2,D4,62
F#aug7,0,F#3,54
F#aug7,1,A#3,58
F#aug7,2,D4,62
F#aug7,3,E4,64
F#dim,0,F#3,54
F#dim,1,A3,57
F#dim,2,C4,60
F#dim7,0,F#3,54
F#dim7,1,A3,57
F#dim7,2,C4,60
F#dim7,3,E4,64
F#m,0,F#3,54
F#m,1,A3,57
F#m,2,C#4,61
F#m11,0,F#3,54
F#m11,1,A3,57
F#m11,2,C#4,61
F#m11,3,E4,64
F#m11,4,G#4,68
F#m11,5,B4,71
F#m13,0,F#3,54
F#m13,1,A3,57
F#m13,2,C#4,61
F#m13,3,E4,64
F#m13,4,G#4,68
F#m13,5,B4,71
F#m13,6,D#4,63
F#m6,0,F#3,54
F#m6,1,A3,57
F#m6,2,C#4,61
F#m6,3,D#4,63
F#m7,0,F#3,54
F#m7,1,A3,57
F#m7,2,C#4,61
F#m7,3,E4,64
F#m7b5,0,F#3,54
F#m7b5,1,A3,57
F#m7b5,2,C4,60
F#m7b5,3,E4,64
F#m9,0,F#3,54
F#m9,1,A3,57
F#m9,2,C#4,61
F#m9,3,E4,64
F#m9,4,G#4,68
F#mMaj7,0,F#3,54
F#mMaj7,1,A3,57
F#mMaj7,2,C#4,61
F#mMaj7,3,F4,65
F#maj11,0,F#3,54
F#maj11,1,A#3,58
F#maj11,2,C#4,61
F#maj11,3,F4,65
F#maj11,4,G#4,68
F#maj11,5,B4,71
F#maj13,0,F#3,54
F#maj13,1,A#3,58
F#maj13,2,C#4,61
F#maj13,3,F4,65
F#maj13,4,G#4,68
F#maj13,5,B4,71
F#maj13,6,D#4,63
F#maj13#11,0,F#3,54
F#maj13#11,1,A#3,58
F#maj13#11,2,C#4,61
F#maj13#11,3,F4,65
F#maj13#11,4,G#4,68
F#maj13#11,5,B4,71
F#maj13#11,6,D#4,63
F#maj7#11,0,F#3,54
F#maj7#11,1,A#3,58
F#maj7#11,2,C#4,61
F#maj7#11,3,F4,65
F#maj7#11,4,C#5,73
F#maj9,0,F#3,54
F#maj9,1,A#3,58
F#maj9,2,C#4,61
F#maj9,3,F4,65
F#maj9,4,G#4,68
F#maj9#11,0,F#3,54
F#maj9#11,1,A#3,58
F#maj9#11,2,C#4,61
F#maj9#11,3,F4,65
F#maj9#11,4,G#4,68
F#maj9#11,5,C#5,73
F#sus2,0,F#3,54
F#sus2,1,G#3,56
F#sus2,2,C#4,61
F#sus4,0,F#3,54
F#sus4,1,B3,59
F#sus4,2,C#4,61
F/A,0,A3,57
F/A,1,C4,60
F/A,2,F4,65
F/C,0,C3,48
F/C,1,F3,53
F/C,2,A3,57
F11,0,F3,53
F11,1,A3,57
F11,2,C4,60
F11,3,Eb4,63
F11,4,G4,67
F11,5,Bb4,70
F13,0,F3,53
F13,1,A3,57
F13,2,C4,60
F13,3,Eb4,63
F13,4,G4,67
F13,5,Bb4,70
F13,6,D4,62
F13#11,0,F3,53
F13#11,1,A3,57
F13#11,2,C4,60
F13#11,3,Eb4,63
F13#11,4,G4,67
F13#11,5,C#4,61
F13#11,6,D4,62
F13#9,0,F3,53
F13#9,1,A3,57
F13#9,2,C4,60
F13#9,3,Eb4,63
F13#9,4,A4,69
F13#9,5,Bb4,70
F13#9,6,D4,62
F13b9,0,F3,53
F13b9,1,A3,57
F13b9,2,C4,60
F13b9,3,Eb4,63
F13b9,4,Gb4,66
F13b9,5,Bb4,70
F13b9,6,D4,62
F13sus4,0,F3,53
F13sus4,1,Bb3,58
F13sus4,2,C4,60
F13sus4,3,Eb4,63
F13sus4,4,G4,67
F13sus4,5,Bb4,70
F13sus4,6,D4,62
F6,0,F3,53
F6,1,A3,57
F6,2,C4,60
F6,3,D4,62
F7,0,F3,53
F7,1,A3,57
F7,2,C4,60
F7,3,Eb4,63
F7#5#9,0,F3,53
F7#5#9,1,A3,57
F7#5#9,2,C#4,61
F7#5#9,3,Eb4,63
F7#5#9,4,A4,69
F7alt,0,F3,53
F7alt,1,A3,57
F7alt,2,B3,59
F7alt,3,Eb4,63
F7alt,4,Gb4,66
F7alt,5,G#4,68
F7sus2,0,F3,53
F7sus2,1,G3,55
F7sus2,2,C4,60
F7sus2,3,Eb4,63
F7sus4,0,F3,53
F7sus4,1,Bb3,58
F7sus4,2,C4,60
F7sus4,3,Eb4,63
F9,0,F3,53
F9,1,A3,57
F9,2,C4,60
F9,3,Eb4,63
F9,4,G4,67
F9#5,0,F3,53
F9#5,1,A3,57
F9#5,2,C#4,61
F9#5,3,Eb4,63
F9#5,4,G4,67
F9b5,0,F3,53
F9b5,1,A3,57
F9b5,2,B3,59
F9b5,3,Eb4,63
F9b5,4,G4,67
Faug,0,F3,53
Faug,1,A3,57
Faug,2,C#4,61
Faug7,0,F3,53
Faug7,1,A3,57
Faug7,2,C#4,61
Faug7,3,Eb4,63
Fdim,0,F3,53
Fdim,1,Ab3,56
Fdim,2,B3,59
Fdim7,0,F3,53
Fdim7,1,Ab3,56
Fdim7,2,B3,59
Fdim7,3,D#3,51
Fm,0,F3,53
Fm,1,Ab3,56
Fm,2,C4,60
Fm11,0,F3,53
Fm11,1,Ab3,56
Fm11,2,C4,60
Fm11,3,Eb4,63
Fm11,4,G4,67
Fm11,5,Bb4,70
Fm13,0,F3,53
Fm13,1,Ab3,56
Fm13,2,C4,60
Fm13,3,Eb4,63
Fm13,4,G4,67
Fm13,5,Bb4,70
Fm13,6,D4,62
Fm6,0,F3,53
Fm6,1,Ab3,56
Fm6,2,C4,60
Fm6,3,D4,62
Fm7,0,F3,53
Fm7,1,Ab3,56
Fm7,2,C4,60
Fm7,3,Eb4,63
Fm7b5,0,F3,53
Fm7b5,1,Ab3,56
Fm7b5,2,B3,59
Fm7b5,3,Eb4,63
Fm9,0,F3,53
Fm9,1,Ab3,56
Fm9,2,C4,60
Fm9,3,Eb4,63
Fm9,4,G4,67
FmMaj7,0,F3,53
FmMaj7,1,Ab3,56
FmMaj7,2,C4,60
FmMaj7,3,E4,64
Fmaj11,0,F3,53
Fmaj11,1,A3,57
Fmaj11,2,C4,60
Fmaj11,3,E4,64
Fmaj11,4,G4,67
Fmaj11,5,Bb4,70
Fmaj13,0,F3,53
Fmaj13,1,A3,57
Fmaj13,2,C4,60
Fmaj13,3,E4,64
Fmaj13,4,G4,67
Fmaj13,5,Bb4,70
Fmaj13,6,D4,62
Fmaj13#11,0,F3,53
Fmaj13#11,1,A3,57
Fmaj13#11,2,C4,60
Fmaj13#11,3,E4,64
Fmaj13#11,4,G4,67
Fmaj13#11,5,B4,71
Fmaj13#11,6,D4,62
Fmaj7,0,F3,53
Fmaj7,1,A3,57
Fmaj7,2,C4,60
Fmaj7,3,E4,64
Fmaj7#11,0,F3,53
Fmaj7#11,1,A3,57
Fmaj7#11,2,C4,60
Fmaj7#11,3,E4,64
Fmaj7#11,4,B4,71
Fmaj9,0,F3,53
Fmaj9,1,A3,57
Fmaj9,2,C4,60
Fmaj9,3,E4,64
Fmaj9,4,G4,67
Fmaj9#11,0,F3,53
Fmaj9#11,1,A3,57
Fmaj9#11,2,C4,60
Fmaj9#11,3,E4,64
Fmaj9#11,4,G4,67
Fmaj9#11,5,B4,71
Fsus2,0,F3,53
Fsus2,1,G3,55
Fsus2,2,C4,60
Fsus4,0,F3,53
Fsus4,1,Bb3,58
Fsus4,2,C4,60
G,0,G3,55
G,1,B3,59
G,2,D4,62
G#,0,G#3,56
G#,1,C4,60
G#,2,D#4,63
G#/C,0,C3,48
G#/C,1,D#3,51
G#/C,2,G#3,56
G#/D#,0,D#3,51
G#/D#,1,G#3,56
G#/D#,2,C4,60
G#11,0,G#3,56
G#11,1,C4,60
G#11,2,D#4,63
G#11,3,F#4,66
G#11,4,A#4,70
G#11,5,C#5,73
G#13,0,G#3,56
G#13,1,C4,60
G#13,2,D#4,63
G#13,3,F#4,66
G#13,4,A#4,70
G#13,5,C#5,73
G#13,6,E5,76
G#13#11,0,G#3,56
G#13#11,1,C4,60
G#13#11,2,D#4,63
G#13#11,3,F#4,66
G#13#11,4,A#4,70
G#13#11,5,D5,74
G#13#11,6,E5,76
G#13#9,0,G#3,56
G#13#9,1,C4,60
G#13#9,2,D#4,63
G#13#9,3,F#4,66
G#13#9,4,B4,71
G#13#9,5,C#5,73
G#13#9,6,E5,76
G#13b9,0,G#3,56
G#13b9,1,C4,60
G#13b9,2,D#4,63
G#13b9,3,F#4,66
G#13b9,4,Bb4,70
G#13b9,5,C#5,73
G#13b9,6,E5,76
G#13sus4,0,G#3,56
G#13sus4,1,D#4,63
G#13sus4,2,D#4,63
G#13sus4,3,F#4,66
G#13sus4,4,A#4,70
G#13sus4,5,D#5,75
G#13sus4,6,E5,76
G#6,0,G#3,56
G#6,1,C4,60
G#6,2,D#4,63
G#6,3,F4,65
G#7,0,G#3,56
G#7,1,C4,60
G#7,2,D#4,63
G#7,3,F#4,66
G#7#5#9,0,G#3,56
G#7#5#9,1,C4,60
G#7#5#9,2,E4,64
G#7#5#9,3,F#4,66
G#7#5#9,4,B4,71
G#7alt,0,G#3,56
G#7alt,1,C4,60
G#7alt,2,D4,62
G#7alt,3,F#4,66
G#7alt,4,A4,69
G#7alt,5,B4,71
G#7sus2,0,G#3,56
G#7sus2,1,A#3,58
G#7sus2,2,D#4,63
G#7sus2,3,F#4,66
G#7sus4,0,G#3,56
G#7sus4,1,D#4,63
G#7sus4,2,D#4,63
G#7sus4,3,F#4,66
G#9,0,G#3,56
G#9,1,C4,60
G#9,2,D#4,63
G#9,3,F#4,66
G#9,4,A#4,70
G#9#5,0,G#3,56
G#9#5,1,C4,60
G#9#5,2,E4,64
G#9#5,3,F#4,66
G#9#5,4,A#4,70
G#9b5,0,G#3,56
G#9b5,1,C4,60
G#9b5,2,D4,62
G#9b5,3,F#4,66
G#9b5,4,A#4,70
G#Maj7,0,G#3,56
G#Maj7,1,C4,60
G#Maj7,2,D#4,63
G#Maj7,3,G4,67
G#aug,0,G#3,56
G#aug,1,C4,60
G#aug,2,E4,64
G#aug7,0,G#3,56
G#aug7,1,C4,60
G#aug7,2,E4,64
G#aug7,3,F#4,66
G#dim,0,G#3,56
G#dim,1,B3,59
G#dim,2,D4,62
G#dim7,0,G#3,56
G#dim7,1,B3,59
G#dim7,2,D4,62
G#dim7,3,F4,65
G#m,0,G#3,56
G#m,1,B3,59
G#m,2,D#4,63
G#m11,0,G#3,56
G#m11,1,B3,59
G#m11,2,D#4,63
G#m11,3,F#4,66
G#m11,4,A#4,70
G#m11,5,C#5,73
G#m13,0,G#3,56
G#m13,1,B3,59
G#m13,2,D#4,63
G#m13,3,F#4,66
G#m13,4,A#4,70
G#m13,5,C#5,73
G#m13,6,E5,76
G#m6,0,G#3,56
G#m6,1,B3,59
G#m6,2,D#4,63
G#m6,3,F4,65
G#m7,0,G#3,56
G#m7,1,B3,59
G#m7,2,D#4,63
G#m7,3,F#4,66
G#m7b5,0,G#3,56
G#m7b5,1,B3,59
G#m7b5,2,D4,62
G#m7b5,3,F#4,66
G#m9,0,G#3,56
G#m9,1,B3,59
G#m9,2,D#4,63
G#m9,3,F#4,66
G#m9,4,A#4,70
G#mMaj7,0,G#3,56
G#mMaj7,1,B3,59
G#mMaj7,2,D#4,63
G#mMaj7,3,G4,67
G#maj11,0,G#3,56
G#maj11,1,C4,60
G#maj11,2,D#4,63
G#maj11,3,G4,67
G#maj11,4,A#4,70
G#maj11,5,C#5,73
G#maj13,0,G#3,56
G#maj13,1,C4,60
G#maj13,2,D#4,63
G#maj13,3,G4,67
G#maj13,4,A#4,70
G#maj13,5,C#5,73
G#maj13,6,E5,76
G#maj13#11,0,G#3,56
G#maj13#11,1,C4,60
G#maj13#11,2,D#4,63
G#maj13#11,3,G4,67
G#maj13#11,4,A#4,70
G#maj13#11,5,C#5,73
G#maj13#11,6,E5,76
G#maj7#11,0,G#3,56
G#maj7#11,1,C4,60
G#maj7#11,2,D#4,63
G#maj7#11,3,G4,67
G#maj7#11,4,D5,74
G#maj9,0,G#3,56
G#maj9,1,C4,60
G#maj9,2,D#4,63
G#maj9,3,G4,67
G#maj9,4,A#4,70
G#maj9#11,0,G#3,56
G#maj9#11,1,C4,60
G#maj9#11,2,D#4,63
G#maj9#11,3,G4,67
G#maj9#11,4,A#4,70
G#maj9#11,5,D5,74
G#sus2,0,G#3,56
G#sus2,1,A#3,58
G#sus2,2,D#4,63
G#sus4,0,G#3,56
G#sus4,1,D#4,63
G#sus4,2,D#4,63
G/B,0,B3,59
G/B,1,D4,62
G/B,2,G4,67
G/D,0,D3,50
G/D,1,G3,55
G/D,2,B3,59
G11,0,G3,55
G11,1,B3,59
G11,2,D4,62
G11,3,F4,65
G11,4,A4,69
G11,5,C4,60
G13,0,G3,55
G13,1,B3,59
G13,2,D4,62
G13,3,F4,65
G13,4,A4,69
G13,5,C4,60
G13,6,E4,64
G13#11,0,G3,55
G13#11,1,B3,59
G13#11,2,D4,62
G13#11,3,F4,65
G13#11,4,A4,69
G13#11,5,C#4,61
G13#11,6,E4,64
G13#9,0,G3,55
G13#9,1,B3,59
G13#9,2,D4,62
G13#9,3,F4,65
G13#9,4,A#4,70
G13#9,5,C4,60
G13#9,6,E4,64
G13b9,0,G3,55
G13b9,1,B3,59
G13b9,2,D4,62
G13b9,3,F4,65
G13b9,4,Ab4,68
G13b9,5,C4,60
G13b9,6,E4,64
G13sus4,0,G3,55
G13sus4,1,C4,60
G13sus4,2,D4,62
G13sus4,3,F4,65
G13sus4,4,A4,69
G13sus4,5,C4,60
G13sus4,6,E4,64
G6,0,G3,55
G6,1,B3,59
G6,2,D4,62
G6,3,E4,64
G7,0,G3,55
G7,1,B3,59
G7,2,D4,62
G7,3,F4,65
G7#5#9,0,G3,55
G7#5#9,1,B3,59
G7#5#9,2,D#4,63
G7#5#9,3,F4,65
G7#5#9,4,A#4,70
G7alt,0,G3,55
G7alt,1,B3,59
G7alt,2,Db4,61
G7alt,3,F4,65
G7alt,4,Ab4,68
G7alt,5,Bb4,70
G7sus2,0,G3,55
G7sus2,1,A3,57
G7sus2,2,D4,62
G7sus2,3,F4,65
G7sus4,0,G3,55
G7sus4,1,C4,60
G7sus4,2,D4,62
G7sus4,3,F4,65
G9,0,G3,55
G9,1,B3,59
G9,2,D4,62
G9,3,F4,65
G9,4,A4,69
G9#5,0,G3,55
G9#5,1,B3,59
G9#5,2,D#4,63
G9#5,3,F4,65
G9#5,4,A4,69
G9b5,0,G3,55
G9b5,1,B3,59
G9b5,2,Db4,61
G9b5,3,F4,65
G9b5,4,A4,69
GMaj7,0,G3,55
GMaj7,1,B3,59
GMaj7,2,D4,62
GMaj7,3,F#4,66
Gaug,0,G3,55
Gaug,1,B3,59
Gaug,2,D#4,63
Gaug7,0,G3,55
Gaug7,1,B3,59
Gaug7,2,D#4,63
Gaug7,3,F4,65
Gb,0,Gb3,54
Gb,1,Bb3,58
Gb,2,Db4,61
Gb/Bb,0,Bb3,58
Gb/Bb,1,Db4,61
Gb/Bb,2,Gb4,66
Gb/Db,0,Db3,49
Gb/Db,1,Gb3,54
Gb/Db,2,Bb3,58
Gb11,0,Gb3,54
Gb11,1,Bb3,58
Gb11,2,Db4,61
Gb11,3,E4,64
Gb11,4,Ab4,68
Gb11,5,B4,71
Gb13,0,Gb3,54
Gb13,1,Bb3,58
Gb13,2,Db4,61
Gb13,3,E4,64
Gb13,4,Ab4,68
Gb13,5,B4,71
Gb13,6,Eb4,63
Gb13#11,0,Gb3,54
Gb13#11,1,Bb3,58
Gb13#11,2,Db4,61
Gb13#11,3,E4,64
Gb13#11,4,Ab4,68
Gb13#11,5,C4,60
Gb13#11,6,Eb4,63
Gb13#9,0,Gb3,54
Gb13#9,1,Bb3,58
Gb13#9,2,Db4,61
Gb13#9,3,E4,64
Gb13#9,4,A4,69
Gb13#9,5,B4,71
Gb13#9,6,Eb4,63
Gb13b9,0,Gb3,54
Gb13b9,1,Bb3,58
Gb13b9,2,Db4,61
Gb13b9,3,E4,64
Gb13b9,4,Fb4,64
Gb13b9,5,B4,71
Gb13b9,6,Eb4,63
Gb13sus4,0,Gb3,54
Gb13sus4,1,Cb4,59
Gb13sus4,2,Db4,61
Gb13sus4,3,E4,64
Gb13sus4,4,Ab4,68
Gb13sus4,5,B4,71
Gb13sus4,6,Eb4,63
Gb6,0,Gb3,54
Gb6,1,Bb3,58
Gb6,2,Db4,61
Gb6,3,Eb4,63
Gb7,0,Gb3,54
Gb7,1,Bb3,58
Gb7,2,Db4,61
Gb7,3,E4,64
Gb7#5#9,0,Gb3,54
Gb7#5#9,1,Bb3,58
Gb7#5#9,2,D4,62
Gb7#5#9,3,E4,64
Gb7#5#9,4,A4,69
Gb7alt,0,Gb3,54
Gb7alt,1,Bb3,58
Gb7alt,2,C4,60
Gb7alt,3,E4,64
Gb7alt,4,F4,65
Gb7alt,5,G4,67
Gb7sus2,0,Gb3,54
Gb7sus2,1,Ab3,56
Gb7sus2,2,Db4,61
Gb7sus2,3,E4,64
Gb7sus4,0,Gb3,54
Gb7sus4,1,B3,59
Gb7sus4,2,Db4,61
Gb7sus4,3,E4,64
Gb9,0,Gb3,54
Gb9,1,Bb3,58
Gb9,2,Db4,61
Gb9,3,E4,64
Gb9,4,Ab4,68
Gb9#5,0,Gb3,54
Gb9#5,1,Bb3,58
Gb9#5,2,D4,62
Gb9#5,3,E4,64
Gb9#5,4,Ab4,68
Gb9b5,0,Gb3,54
Gb9b5,1,Bb3,58
Gb9b5,2,C4,60
Gb9b5,3,E4,64
Gb9b5,4,Ab4,68
GbMaj7,0,Gb3,54
GbMaj7,1,Bb3,58
GbMaj7,2,Db4,61
GbMaj7,3,F4,65
Gbaug,0,Gb3,54
Gbaug,1,Bb3,58
Gbaug,2,D4,62
Gbaug7,0,Gb3,54
Gbaug7,1,Bb3,58
Gbaug7,2,D4,62
Gbaug7,3,E4,64
Gbdim,0,Gb3,54
Gbdim,1,A3,57
Gbdim,2,C4,60
Gbdim7,0,Gb3,54
Gbdim7,1,A3,57
Gbdim7,2,C4,60
Gbdim7,3,Eb4,63
Gbm,0,Gb3,54
Gbm,1,A3,57
Gbm,2,Db4,61
Gbm11,0,Gb3,54
Gbm11,1,A3,57
Gbm11,2,Db4,61
Gbm11,3,E4,64
Gbm11,4,Ab4,68
Gbm11,5,B4,71
Gbm13,0,Gb3,54
Gbm13,1,A3,57
Gbm13,2,Db4,61
Gbm13,3,E4,64
Gbm13,4,Ab4,68
Gbm13,5,B4,71
Gbm13,6,Eb4,63
Gbm6,0,Gb3,54
Gbm6,1,A3,57
Gbm6,2,Db4,61
Gbm6,3,Eb4,63
Gbm7,0,Gb3,54
Gbm7,1,A3,57
Gbm7,2,Db4,61
Gbm7,3,E4,64
Gbm7b5,0,Gb3,54
Gbm7b5,1,A3,57
Gbm7b5,2,C4,60
Gbm7b5,3,E4,64
Gbm9,0,Gb3,54
Gbm9,1,A3,57
Gbm9,2,Db4,61
Gbm9,3,E4,64
Gbm9,4,Ab4,68
GbmMaj7,0,Gb3,54
GbmMaj7,1,A3,57
GbmMaj7,2,Db4,61
GbmMaj7,3,F4,65
Gbmaj11,0,Gb3,54
Gbmaj11,1,Bb3,58
Gbmaj11,2,Db4,61
Gbmaj11,3,F4,65
Gbmaj11,4,Ab4,68
Gbmaj11,5,B4,71
Gbmaj13,0,Gb3,54
Gbmaj13,1,Bb3,58
Gbmaj13,2,Db4,61
Gbmaj13,3,F4,65
Gbmaj13,4,Ab4,68
Gbmaj13,5,B4,71
Gbmaj13,6,Eb4,63
Gbmaj13#11,0,Gb3,54
Gbmaj13#11,1,Bb3,58
Gbmaj13#11,2,Db4,61
Gbmaj13#11,3,F4,65
Gbmaj13#11,4,Ab4,68
Gbmaj13#11,5,B4,71
Gbmaj13#11,6,Eb4,63
Gbmaj7#11,0,Gb3,54
Gbmaj7#11,1,Bb3,58
Gbmaj7#11,2,Db4,61
Gbmaj7#11,3,F4,65
Gbmaj7#11,4,C5,72
Gbmaj9,0,Gb3,54
Gbmaj9,1,Bb3,58
Gbmaj9,2,Db4,61
Gbmaj9,3,F4,65
Gbmaj9,4,Ab4,68
Gbmaj9#11,0,Gb3,54
Gbmaj9#11,1,Bb3,58
Gbmaj9#11,2,Db4,61
Gbmaj9#11,3,F4,65
Gbmaj9#11,4,Ab4,68
Gbmaj9#11,5,C5,72
Gbsus2,0,Gb3,54
Gbsus2,1,Ab3,56
Gbsus2,2,Db4,61
Gbsus4,0,Gb3,54
Gbsus4,1,B3,59
Gbsus4,2,Db4,61
Gdim,0,G3,55
Gdim,1,Bb3,58
Gdim,2,Db4,61
Gdim7,0,G3,55
Gdim7,1,Bb3,58
Gdim7,2,Db4,61
Gdim7,3,Fb4,64
Gm,0,G3,55
Gm,1,Bb3,58
Gm,2,D4,62
Gm11,0,G3,55
Gm11,1,Bb3,58
Gm11,2,D4,62
Gm11,3,F4,65
Gm11,4,A4,69
Gm11,5,C4,60
Gm13,0,G3,55
Gm13,1,Bb3,58
Gm13,2,D4,62
Gm13,3,F4,65
Gm13,4,A4,69
Gm13,5,C4,60
Gm13,6,E4,64
Gm6,0,G3,55
Gm6,1,Bb3,58
Gm6,2,D4,62
Gm6,3,E4,64
Gm7,0,G3,55
Gm7,1,Bb3,58
Gm7,2,D4,62
Gm7,3,F4,65
Gm7b5,0,G3,55
Gm7b5,1,Bb3,58
Gm7b5,2,Db4,61
Gm7b5,3,F4,65
Gm9,0,G3,55
Gm9,1,Bb3,58
Gm9,2,D4,62
Gm9,3,F4,65
Gm9,4,A4,69
GmMaj7,0,G3,55
GmMaj7,1,Bb3,58
GmMaj7,2,D4,62
GmMaj7,3,F#4,66
Gmaj11,0,G3,55
Gmaj11,1,B3,59
Gmaj11,2,D4,62
Gmaj11,3,F#4,66
Gmaj11,4,A4,69
Gmaj11,5,C4,60
Gmaj13,0,G3,55
Gmaj13,1,B3,59
Gmaj13,2,D4,62
Gmaj13,3,F#4,66
Gmaj13,4,A4,69
Gmaj13,5,C4,60
Gmaj13,6,E4,64
Gmaj13#11,0,G3,55
Gmaj13#11,1,B3,59
Gmaj13#11,2,D4,62
Gmaj13#11,3,F#4,66
Gmaj13#11,4,A4,69
Gmaj13#11,5,C#5,73
Gmaj13#11,6,E4,64
Gmaj7#11,0,G3,55
Gmaj7#11,1,B3,59
Gmaj7#11,2,D4,62
Gmaj7#11,3,F#4,66
Gmaj7#11,4,C#5,73
Gmaj9,0,G3,55
Gmaj9,1,B3,59
Gmaj9,2,D4,62
Gmaj9,3,F#4,66
Gmaj9,4,A4,69
Gmaj9#11,0,G3,55
Gmaj9#11,1,B3,59
Gmaj9#11,2,D4,62
Gmaj9#11,3,F#4,66
Gmaj9#11,4,A4,69
Gmaj9#11,5,C#5,73
Gsus2,0,G3,55
Gsus2,1,A3,57
Gsus2,2,D4,62
Gsus4,0,G3,55
Gsus4,1,C4,60
Gsus4,2,D4,62
